date,title,moment,pers,texte_Hans,element_histo,comment_histo,place_visited_by_Hans,Lat_Place_Hans,Long_Place_Hans,place_quoted,Lat_Quoted,Long_Quoted,src,texte_Hans_DE,element_histo_DE,comment_histo_DE
,,,,,,Note du parcours de Johannes Mayer jusqu'à cette date,,,,,,,,,,
1940-10-02,Incorporé.,,Hans,"Je suis incorporé à la 7e unité de réserve, d'une troupe de chasseurs de chars.",,"La destination principale des chasseurs de chars est la lutte antichar. Pour accomplir efficacement sa mission, le chasseur de chars dispose des qualités nécessaires pour lutter contre un char d'assaut : mobilité, puissance de feu, protection blindée. Leur emploi principal contre d'autres unités blindées ne doit pas masquer le fait qu'il leur a été confié toutes sortes de missions lors des combats : réduire l'infanterie, détruire les fortifications ennemies. L'absence quasi systématique de tourelle en fait des unités moins polyvalentes que les chars d'assaut. L'importance de ce type de véhicule militaire a diminué depuis 1945. ",,,,"Munich, Neufreimann",48.192493,11.595834,,,,
1940-11-21,Réorganisation militaire.,,,"Notre unité est incorporée à la 337e division d'infranterie. Nous sommes des chasseurs de chars, et notre camp est situé à Weitnau im Allgäu. Mon numéro de poste militaire est 32003. Nous stationnons chez [Xarrer?] et Dora Bernegg à Weitnau.",,"La 337e division d'infanterie est formée le 16 novembre 1940 dans le secteur de Kempten dans la <em>Wehrkreis VII</em> en tant qu'élément statique de la 14e vague de mobilisation.  
    
La <a href=""http://bretagne-39-45.forums-actifs.com/t1262-337-infanterie-division""><em> 337.Infanterie-Division </em></a> n'est pas destinée au combat, ses trois Infanterie-Regimenter ne possèdent que quelques <em> leichte Granatwerfer </em> et aucun <em> mittlere Gr.Werfer</em>, et il n’existe pas d’<em>Infanterie-Geschütz-Kompanie</em>, seulement un <em>Pak-Zug</em> (3 pièces) au lieu d’une <em>Pak-Kompanie</em>.  
  
Le Pi.Btl.337, composé de 3 compagnies, est formé le 20 novembre principalement grâce à l’apport du Stab Pi.Btl.157 et la 1./Pi.Btl.157, le 20 octobre 1940, ainsi que la 1./Pi.Btl.238 le 16 novembre. Le Pionier-Btl.337 est entièrement hippomobile, mais ne possède pas de Brückengerät (éléments de pontons).  
  
Du côté de l’artillerie, si l’Art.-Rgt 337 dispose bien de ses trois <em>leichte-Abteilungen</em> à 2 batteries chacun, armés de <em>leichte Feldhaubitzen</em>, il ne possède cependant pas de <em>schwere-Abteilung</em>. Initialement, le AR.337 est réparti en 3 unités de 2 batteries.  ",,,,Weitnau im Allgäu,47.640691,10.125813,,,,
1940-11-21,Manoeuvres.,,,"Nous nous déplaçons jusqu'à Halle, je passe mes premières vacances dans une caserne.",,Note : Un coupon permet la circulation de Munich à Halle. NDT : dans le dépôt du camp (Feldlager),,,,Halle,51.49698,11.968803,,,,
1941-01-05,Entraînements à vélo.,,,La 337e fait de nombreux parcours à vélo. Ce sont surtout nous les chasseurs de chars qui pédalont dans la région de Kleinweiler-hofen.,,"Si la 337.ID possède bien une <em>Panzerjäger-Abteilung</em>, formée le 26 novembre, celle-ci est en fait composée d’une PzJäg.Kp. armée de 12 pièces de 3,7 cm Pak (ex - 1./Pz.Jäg.Abt.238 cédée fin octobre 1940 par la 167.ID), et d’un Radfahrschwadron (éléments cyclistes) qui dispense à la division de posséder une Aufklärung-Abteilung.  ",,,,Kleinweiler-Hofen,47.651833,10.083188,,,,
1941-01-10,Cantonnement.,,,Nous stationnons dans les environs de Würm.,,,,,,Würm,48.34569,13.42917,,,,
1941-01-15,Stand de tir.,,,"Nous nous entraînons au tir avec canon anti-char d'un calibre de 3,7 cm à la place d'entraînement de Hohenfels. Nous sommes aussi entraînés au combat.",,,,,,Hohenfels,49.203278,11.849022,,,,
1941-01-20,Retour à la caserne.,,,Nous sommes de retour à notre caserne auprès de notre état-major à Weitnau.,,,,,,Weitnau im Allgäu,47.640691,10.125813,,,,
1941-05-03,En train pour la France.,,,Et ensuite en route pour Belfort.,,,,,,Belfort,47.639674,6.863849,,,,
1941-05-03,En train pour la France.,,,Nous prenons le train direction la France en passant par Lindau.,,,,,,Lindau,47.579782,9.678933,,,,
1941-05-03,En train pour la France.,,,Nous passons ensuite par Strasbourg.,,,,,,Starsbourg,48.573405,7.752111,,,,
1941-05-03,En train pour la France.,,,Nous arrivons finalement à Vesoul.,,,,,,Vesoul,47.619788,6.15428,,,,
1941-05-04,De Vesoul à Jussey,,,Nous sommes ensuite déplacés jusqu'à Jussey par la route.,,,,,,Jussey,47.826067,5.903272,,,,
1941-05-10,En vélo dans la région.,,,"Nous nous déplaçons ensuite jusqu'à Poully-en-Auxois. De cette commune, nous pédalons vers Dijon. ",,,,,,Poully-en-Auxois,47.262495,4.556286,,,,
1941-05-15,Visite à Ginettte,,,Je rends visite à Ginette Marguier et rentre.,,Qui est Ginette Marguier?,,,,,,,,,,
1941-05-20,Congé à Dijon,,,Je suis en congé à Dijon.,,,,,,Dijon,47.322047,5.04148,,,,
1941-05-25,Déplacement jusqu'à Beaume.,,,Nous nous déplaçons jusqu'à Beaume.,,"Après sa formation et des fonctions de forces d'occupation et de sécurité en Belgique et en France le long de la ligne de démarcation et en Bretagne, la division sera transférée sur le Front de l'Est en mars 1942.",,,,Beaume,49.835395,4.150973,,,,
1941-11-30,Une nuit en dehors.,,,"J'ai le droit de découcher et je me rends à l'opéra à Dijon pour aller voir : ""<em>Si j'étais le Roi</em>"".",,"Si j'étais roi est un opéra-comique en trois actes d'Adolphe Adam. Le livret a été écrit par Adolphe d'Ennery et Jules-Henri Brésil. Il a été présenté pour la première fois au Théâtre lyrique (Théâtre-Historique, boulevard du Temple) le 4 septembre 1852.",,,,Dijon,47.322047,5.04148,,,,
1941-12-03,Nouvelle manoeuvre en train.,,,Nous partons de Beaume pour aller à Cosne.,,,,,,Cosne,47.382409,2.92528,,,,
1941-12-03,En camion.,,,Nous sommes sur les routes direction Sancerre sur Loire.,,,,,,Sancerre,47.329583,2.839867,,,,
1941-12-10,En voiture.,mercredi,,"Du mercredi au vendredi, nous sommes en voiture pour aller vers Cosne.",,,,,,Cosne,47.382409,2.92528,,,,
1941-12-12,En train.,vendredi,,"Nous prenons ensuite le train pour Paris, puis nous nous rendons à l'HKP de Vincennes pour nous procurer des pièces de remplacement.",,"L'HKP est le <a href=""http://www.heinrich-schwenker.italodito.it/dateien/pdf10033.pdf"">Heeres-Kraftfahr-Park</a>, une forme de dépôt centralisé de matériel et de véhicules de transport.",,,,Vincennes,48.847759,2.439497,,,,
1941-12-13,A Paris.,pendant la nuit,,Nous passons la nuit au Grand-Hôtel 2. rue du Scribe.,,"Aujourd'hui, c'est l'<a href=""https://www.ihg.com/intercontinental/hotels/fr/fr/paris/parhb/hoteldetail"">Hôtel Intercontinental</a> qui est situé à cette adresse.",,,,Paris,48.870839,2.330365,,,,
1942-01-03,Trajet. ,,,Autorisation d'aller urgemment chercher des pièces de Sancerre à Paris.,,Note: Autorisation écrite dans un formulaire type de la Wehrmacht. Elle est signée de la main du premier Lieutenant (Oberleutnant). ,,,,Sancerre,47.329583,2.839867,,,,
1942-01-04,Ravitaillement.,pendant la nuit,,Nous repassons une nuit à Paris.,,,,,,Paris,48.856614,2.352222,,,,
1942-02-15,Retour en province.,,,Nouvelle manoeuvre et nous nous rendons à Pontarlier,,,,,,Pontarlier,46.904104,6.354242,,,,
1942-02-16,Vie de château.,pendant la nuit,,La nuit est terriblement froide. Nous logeons au château de Nestlé.,,"Le « Château Nestlé » est l'ancienne habitation de Pernod, producteur d’absinthe, parti s’associer avec Ricard lors de l’interdiction de cette dernière.",,,,Château de Nestlé à Pontarlier.,46.895157,6.36402,,,,
1942-02-18,Vacances.,,,"J'ai droit à des vacances au pays. Je passe par Dôle, Mühlhausen, Stuttgart, Ulm, puis Oberstdorf.",,,,,,Oberstdorf,47.409858,10.279745,,,,
1942-03-07,Visite à Louise.,,,"Je vois Louise à Rottenburg, dans la maison [Gutbethu]",,,,,,Rottenburg,48.713653,12.032683,,,,
1942-04-03,Mauvaise nouvelle. ,,,J'apprends que mon ami Gernot Möndel est tombé au combat.,,"Note: Hans écrit dans la marge de ces quelques page : ""<em>Leutnant Gernot Möndell, Jäg. Regt. 206, mort le 3 avril 1942 à Jaswky, au sud ouest de Staraja. Il est enterré à 1km à l'ouest de Bol Graby, Ilmensee</em>"".",,,,Pontarlier,46.895157,6.36402,,,,
1942-04-10,Visite,,,Monsieur Leopold Marguier vient avec sa femme et sa fille Marcelle à Pontarlier.,,Cette même Ginette Marguier telle que citée le 15 mai 1941? Visite de la famille Mayer aux Marguier dans les années 1960.,,,,Pontarlier,46.895157,6.36402,,,,
1942-04-12,Détente.,,,Je peins des aquarelles au lac de Saint-Point.,,,,,,Lac de Saint Point,46.823832,6.313218,/assets/Dessins_Hans/Dessins.JPG,,,
1942-04-20,Raviltaillement.,,,"Nous partons à l'HKP de Vincennes chercher des pièces de rechange. Je loge à l'Hôtel Bergère, 34 rue Bergère à Paris.",,"L'Hôtel Bergère fait partie aujourd'hui d'une <a href=""https://www.astotel.com/hotel/34b/overview"">chaîne</a> et s'appelle le 34B. En plus de cette autorisation, Hans a une autorisation de circuler et d'être présent dans les limites de la Ville.",,,,"Hôtel Bergère, 34 rue Bergère à Paris.",48.872764,2.343683,,,,
1942-04-23,Ravitaillement - la suite.,,,"Nous passons à l'HKP de la Porte d'Orléans. Le soir, nous allons à la revue du Casino de Paris voir <em>Mistinguette</em>.",,Mistinguette (1857-1956) est une chanteuse et actrice française.,,,,Casino de Paris,48.878160,2.330301,,,,
1942-04-25,Ravitaillement - la suite.,,,"Nous passons à l'HKP de Neuilly. J'en profite pour aller à pied à la Tour Eiffel, au Trocadero, aux Invalides, à la Cathédrale.",,,,,,Paris,48.856614,2.352222,,,,
1942-04-26,Visite.,samedi,,Je reçois la visite de Julia Parisot de Pouilly-en-Auxois et de sa mère.,,Qui est elle? Son nom et son adresses sont aussi mentionnés dans le carnet de 1942.,,,,Paris.,48.856614,2.352222,,,,
1942-04-27,Départ.,"lundi, 18h52",,Notre composition de train quitte Pontarlier.,,,,,,Pontarlier,46.901120,6.351350,,,,
1942-04-28,Escale.,mardi,,Nous nous arrêtons à l'est de Paris [Sperballme].,,,,,,Est de Paris,,,,,,
1942-04-29,Arrivée en Hollande.,"mercredi, en soirée",,Notre train traverse Rotterdam durant la journée pour ensuite arriver en soirée à Leiden où nous stationnons.,,,,,,Leiden,52.160114,4.49701,,,,
1942-05-01,A l'hôtel.,,,Nous stationnons ensuite à l'Hôtel Keyl à Schreveningen.,,L'Hotel Keyl n'existe plus aujourd'hui.,,,,Schreveningen,52.102402,4.302183,,,,
1942-05-29,Changement d'oeil.,,,Je peux quitter deux jours mon unité pour me rendre à la Haye pour changer mon oeil de verre. Je rejoins mes camarades le 31.,,"Note: Un <em> Sonderausweis </em> est attribué à Mayer pour aller changer son oeil de verre, mais la destination est fixée à Wiesbaden. Le retour est fixé au 2 juin. Cet autorisation lui donne aussi la permission d'acheter du tabac et des cigarettes. Il a un billet de train qui passe par Den Haag et Venlo depuis Wiesbaden pour son trajet retour. ",,,,Den Haag,52.070498,4.291670,,,,
1942-06-01,Bombardements.,,,Attaques aériennes des Anglais sur Cologne. Les [Bordengittiert] jusqu'à nous à Schreveningen.,,,,,,Schreveningen,52.102402,4.302183,,,,
1942-06-18,Manoeuvres.,13h00.,,"Départ du convoi et nous allons passer par Rotterdam, Breda, Anvers, Paris, Sancerre.",,,,,,Anvers,51.219448,4.402464,,,,
1942-06-18,Manoeuvres.,,,Nous quittons Schreveningen et arrivons en train à La Haye.,,,,,,Den Haag,52.070498,4.291670,,,,
1942-06-20,Arrivée à Nevers,21h00,,Nous nous installons et prenons nos quartiers à Nevers.,,,,,,Nevers,46.990896,3.162845,,,,
1942-06-23,Vacances.,19h30,,"Mon train quitte la gare de Nevers. J'ai droit à des vacances au pays, à Oberstdorf.",,,,,,Obertsdorf,47.409858,10.279745,,,,
1942-07-01,Changements dans l'unité.,,,Mon unité de chasseur de chars est mutée à Moncontour dans les Côtes d'Armor pendant mes vacances.,,,,,,Moncontour,48.361272,-2.63149,,,,
1942-07-29,Ravitaillement - nouvel épisode.,,,"De Lamballe, je prends le train direction Paris, à nouveau pour aller chercher des pièces de rechange.",,Note: Un <em> Sonderausweis </em> est attribué à Mayer pour aller chercher des pièces de rechange pour camions. II est valable jusqu'au 1er août. Au dos figurent plusieurs tampons de la Kommandatur du Groß Paris concernant le ravitaillement. ,,,,Lamballe,48.468637,-2.517322,,,,
1942-08-01,Retour à la caserne.,,,Je rentre à Moncontour.,,,,,,Moncontour,48.361272,-2.63149,,,,
1942-08-02,Une nuit à Paris.,,,"Je refais le trajet Moncontour, Lamballe, Paris, pour changer un moteur et la transmission. Je reloge à l'Hôtel Bergère.",,"Note: Mayer circule avec Wallmeier de Lamballe jusqu'à Paris. Un <em> Sonderausweis </em> est attribué à Mayer pour aller chercher des pièces de rechange pour camions. Il est valable jusqu'au 5 août. Au dos figure l'adresse de l'hôtel Royal Opéra. En plus de cette autorisation, Hans a une autorisation de circuler et d'être présent dans les limites de la ville.",,,,"Hôtel Bergère, 34 rue Bergère à Paris.",48.872764,2.343683,,,,
1942-08-05,Sans détour à la caserne.,,,Je rentre à Moncontour.,,,,,,Moncontour,48.361272,-2.63149,,,,
1942-08-10,Nouvelle virée.,,,Je peux me rendre avec Sommerer à Paris.,,Note : Ils ont l'autorisation de circuler de Saint-Brieux à Paris pour aller chercher du matériel. ,,,,,,,,,,
1942-08-11,Encore à Paris.,,,"Pendant l'été, le Commandement se déplace à Lamballe. Je me rends en express à Paris. Je peux loger à l'Hôtel Brittany.",,"Note : Un <em> Sonderausweis </em> est attribué à Mayer et Sommerer.  pour aller chercher des pièces de rechange pour camions. Il est valable jusqu'au 16 août. En plus de cette autorisation, Hans a une autorisation de circuler et d'être présent dans les limites de la ville.",,,,"Hôtel Brittany, 3-5 rue Saint-Lazare, Paris",48.876747,2.338356,,,,
1942-08-13,Nuit de folie.,jeudi,,"Encore à Paris, Je vais aux <em>Folies Bergères</em>.",,Note : Deux coupons pour cette soirée existent. ,,,,"Hôtel Brittany, 3-5 rue Saint-Lazare, Paris",48.876747,2.338356,,,,
1942-08-15,Retour.,,,"Je rentre à Moncontour, en passant par Saint-Brieux.",,,,,,Saint-Brieux.,48.51418,-2.765835,,,,
1942-08-19,Alarme !,,,"""<em>Alarm !</em>"" Tentative de débarquement à Dieppe.",,Quelques infos sur cette tentative de débarquement.,,,,,,,,,,
1942-09-24,Incendies.,,,Deux ateliers de réparations ainsi que la garage Prioux sont en flammes à Montcontour.,,,,,,Moncontour,48.361272,-2.63149,,,,
1942-09-27,Paris.,,,Je suis une nouvelle fois à Paris. Je loge encore à l'Hôtel Bergère.,,Note : Hans a une autorisation de circuler et d'être présent dans les limites de la ville.,,,,"Hôtel Bergère, 34 rue Bergère à Paris.",48.872764,2.343683,,,,
1942-09-28,Aïda à l'opéra.,,,Je profite de ma soirée pour aller voir Aïda à l'Opéra.,,Note: Détenteur de la place 33 de face. La place a été payée 4 francs. ,,,,"Hôtel Bergère, 34 rue Bergère à Paris.",48.872764,2.343683,,,,
1942-10-03,En caserne.,,,Je rentre à Moncontour.,,,,,,Moncontour,48.361272,-2.63149,,,,
1942-10-08,Sonderausweis.,,,Nous pouvons avec Arnold Holstein et Albert Stiess nous rendre à Paris pour aller chercher des pièces de rechange,,Note : Un <em> Sonderausweis </em> est attribué aux trois hommes. Ils peuvent être à Paris jusqu'au 11.,,,,,,,,,,
1942-10-09,Paris une nouvelle fois.,,,"Paris : je découvre un nouvel hôtel, Lafontaine. Nous déchargeons des pièces à la gare Montparnasse.",,Note : Hans a une autorisation de circuler et d'être présent dans les limites de la ville.,,,,"Hôtel Lafontaine, 66 rue des Saints-Pères, Paris.",48.853154,2.329411,,,,
1942-10-09,A garder en mémoire,,,Quand je pense à ce qui va m'arriver. J'étais bien au chaud à l'hôtel Lafontaine à Paris.,,,,,,,,,,,,
1942-10-10,La Traviatta à l'opéra.,en soirée,,Je vais voir l'opéra comique <em>La Traviatta</em>.,,Note : Détenteur de la place 38.,,,,"Hôtel Lafontaine, 66 rue des Saints-Pères, Paris.",48.853154,2.329411,,,,
1942-10-11,Déchargement.,,,Rentrée au cantonnement et nous déchargeons les pièces de notre camion à Lamballe.,,,,,,Lamballe,48.468637,-2.517322,,,,
1942-10-21,Changement de cantonnement. ,mercredi,,Nous sommes délocalisés et nous mettons en route de Montcontour à Saint-Brieux.,,,,,,Saint-Brieux,48.51418,-2.765835,,,,
1942-10-22,Halte.,en soirée,,Nous arrivons à Lamballe.,,,,,,Lamballe,48.468637,-2.517322,,,,
1942-10-22,En piste.,13h00,,Nous quittons Saint-Brieux.,,,,,,Metz,49.119309,6.175716,,,,
1942-10-22,Chargement.,,,Nous chargeons nos camions sur des wagons.,,,,,,Saint-Brieux,48.51418,-2.765835,,,,
1942-10-23,Direction l'Est.,dans l'après-midi,,"Nous atteignons Metz, puis nous traversons l'Allemagne : Würzbourg, Bamberg, Hof.",,,,,,Würzbourg,49.791304,9.953355,,,,
1942-10-25,A travers le Reich.,,,"Chemnitz, Dresden, Lemberg (im der Markt),",,,,,,Dresde,51.050409,13.737262,,,,
1942-11-02,On quitte l'Allemagne.,19h00,,Nous atteignons en début de soirée Minsk.,,,,,,Minsk,53.90454,27.561524,,,,
1942-11-05,Sur le front Est.,05h00,,Nous déchargeons nos camions à Smolensk.,,,,,,Smolensk,54.790311,32.050366,,,,
1942-11-05,On continue.,09h00,,Nous roulons sur des pistes direction l'Est.,,,,,,,,,,,,
1942-11-06,On monte au nord.,,,Nous atteignons Wjasmsa un peu plus au nord.,,,,,,Wjasma,55.192903,34.296671,,,,
1942-11-07,Il fait froid.,,,Nous arrivons à Ssytschewka (Star Jakowzerwa). Il fait - 25° C.,,,,,,Ssytschewka,55.831261,34.281313,,,,
1942-11-07,Terriblement froid.,,,"Je suis congelé. La température est abominablement froide, je me retrouve sans habits d'hiver dans une tempête de neige. L'hiver est entré violemment [dans cette guerre].",,,,,,,,,,,,
1942-11-08,Nouveau quartier.,,,"A compter de ce jour, j'ai atteint mon nouveau point de cantonnement à l'Est. Nos quartiers se trouvent à mi-chemin entre Rschew et Moscou.",,,,,,,,,,,,
1942-11-28,On avance. ,samedi,,Nous atteignons Gawrino.,,,,,,Gawrino,57.731536,38.916272,,,,
1942-12-07,Réparations.,,,Je me rends à l'atelier de réparations avec mon camion à Ssytschewka.,,,,,,Ssytschewka,55.831261,34.281313,,,,
1942-12-11,En route.,,,"Toujours au volant de mon camion, je traverse Wjasma direction Jarzewo.",,,,,,Jarzewo,55.059299,32.685013,,,,
1942-12-12,Une victoire allemande.,,,Je suis sur l'autoroute depuis Smolensk. Je me dirige vers Orscha. (Un rapport de la Wehrmacht annonce qu'une percée de tanks russes a été repoussée près de Ssytschewka).,,,,,,Orscha,54.507148,30.411955,,,,
1942-12-13,Un peu de repos s'annonce.,,,"Je circule depuis Orscha jusqu'à l'HKP de [Mohilew] et rentre à Orscha. Ensuite, je me rends à Borissow. Depuis là, je prends le train. On nous fait voyager dans un wagon à bestiaux. Je passe par Minsk et Brest Litowsk où je peux prendre congé.",,,,,,Brest Litowsk,52.097621,23.73405,,,,
1942-12-20,Administration militaire.,"dimanche, 02h00",,J'arrive à Varsovie. Je passe par le Commandement de la compagnie au 2 EL de Varsovie à l'école Elblaska.,,"2 EL, école Elblaska???",,,,Varsovie,52.229676,21.012229,,,,
1943-01-05,En convoi médicalisé.,mardi,,"Varsovie, je me retrouve à nouveau à la Gare de l'Est dans le train médical 669. Nous passons par Grvdno, Wilma, Dünaburg. ",,"Note : Hans semble avoir eu 10 jours de congé et s'est rendu en Bavière très certainement.

Il précise qu'il a effectué son trajet dans un<a href=https://de.wikipedia.org/wiki/Krankentransportzug> Lazarettzug </a>, un convoi médicalié. Il ne donne cependant aucune information sur le type de blessés, sur origine.",,,,Dünaburg,55.874736,26.536179,,,,
1943-01-10,Changement de train.,,,"De nuit, nous passons sur une mine. Nous changeons de train et arrivons à Smolensk et Wjasma. Puis nous prenons un train de service jusqu'à Ssytschewka. Le dernier bout se fait en camion jusqu'à Subodniki.",,,,,,Subodniki,,,,,,
1943-01-15,Bombardements sur Wjasma.,vendredi,,"En camion, nous roulons de Ssytschewka jusqu'à Wjasma. La gare est bombardée. ",,,,,,Wjasma,55.192903,34.296671,,,,
1943-01-21,Arrivés à Varsovie.,03h00,,"Nous atteignons Varsovie après être passés par Smolensk, Orscha, Borrisow, Minsk et Brest-Litowsk dans un train non chauffé. ",,,,,,Varsovie,52.229676,21.012229,,,,
1943-03-15,Juifs vs. SS.,,,Il y a une révolte des Juifs dans le Ghetto de Varsovie. Les troupes SS seront appelées et combatteront les Juifs.,,,,,,Varsovie,52.229676,21.012229,,,,
1943-04-29,Un nouvel oeil.,,,Je pars à Augsburg pour me faire faire un nouvel oeil de verre. J'en profite pour faire un petit détour par Oberstdorf.,,,,,,Augsbourg,48.370545,10.89779,,,,
1943-05-13,Les Russes bombardent.,,,Les Russes bombardent Varsovie qui est aujourd'hui le but de mon voyage.,,,,,,Varsovie,52.229676,21.012229,,,,
1943-06-26,Des vacances !,,,J'ai enfin droit à quelques vacances et m'en vais à Oberstdorf.,,,,,,Oberstdorf,47.409858,10.279745,,,,
1943-07-02,Retour à Varsovie.,,,Je suis de retour à Varsovie.,,,,,,Varsovie,52.229676,21.012229,,,,
1943-09-09,Feldpost.,,,Je suis à nouveau au premier escadron des untiés des chasseurs de chars. Mon numéro de <em> Feldpost </em> reste le 32003 et nous sommes dans les environs de Jarzewo.,,,,,,Jarzewo,55.059299,32.685013,,,,
1943-09-25,Retraite,,,Retraite de nos troupes. Nous reculons derrière le Dniepr.,,Plus d'infos sur les opérations militaires.,,,,Dniepr,,,,,,
1943-09-25,Raclée.,,,"Après ces mouvements de retraites, il faut garder en mémoire que les Russes sont tranchés et mis une raclée à notre division (la 337 I.D.) à [Ovorgobisch]",,,,,,[Ovorgobisch],,,,,,
1943-09-26,Maigre consolation,,,"Après cet incident, les choses se sont calmées dans le secteur central jusqu'à la grande offensive des Russes qui commencera le 23 juin 1944.",,,,,,,,,,,,
1943-11-14,Réorganisation militaire.,,,"Notre unité est dissoute. Avec les quelques survivants et les dispersés de ma division, nous sommes répartis dans différents groupes et j'ai été rattaché au peloton d'atelier. Je suis dans le convoi des ateliers de la 337 divison d'infanterie. Mon numéro de poste change et passe au 43935. Nous stationnons à Starosselje.",,"Le 2 novembre 1943, le 337e de chasseurs de chars change de nom. On y détache l'escadron cycliste et onétabli une <em>Fla-Kompanie</em>. Elle se verra adjoindre encore la <em>Sturmgeschütz-Abteilung 1357</em>. La division sera anéantie en juin 1944 près de Mogilew.

Changement de numéro de la Feldpost correspond à quelle unité?",,,,Starosselje,,,,,,
1943-12-24,A Borissow.,,,"[von Borissow Ziege, schwät. Eisetalune]",,,,,,Borissow,54.214431,28.508436,,,,
1944-03-12,Vacances.,,,Je passe quelques jours de vacances à Oberstdorf.,,,,,,Obertsdorf,47.409858,10.279745,,,,
1944-03-23,Mariage !,,,"Aujourd'hui, c'est un jour important. C'est le mariage d'Erna et André Reitmeier.",,,,,,Landsberg?,,,,,,
1944-04-06,Dans le Bade.,,,Je rentre. Je passe chercher des pièces de rechange à Stuttgart .,,,,,,Stuttgart,48.775846,9.182932,,,,
1944-04-19,Réparations.,,,"J'arrive à l'atelier de la compagnie à Borissow. Nous logeons dans la caserne russe. Caserne qui était auparavant le dépôt central des pièces de rechange, Z.E.L. 106.",,ZEL 106?,,,,Borissow,54.214431,28.508436,,,,
1944-06-07,Chez un bon fournisseur.,,,Je passe après chez Kälble à Backnang et ramène tout cela à Varsovie.,,"<a href=""http://www.kaelble.com/en/index.aspx""> Kälble </a> est une entreprise spécialisée dans la construction de machines de chantiers, d'utilitaires, et surtout pour ses camions capables de tirer de lourdes remorques.",,,,Backnang,48.947146,9.434181,,,,
1944-06-22,Retraite non planifiée.,,,"A partir de là, je participerai aux mouvements de retraite que l'on appellait encore <em> mouvements de recul planifiés </em>.",,"NDT : ""Planmässige Absetzbewegungen"".",,,,,,,,,,
1944-06-23,Offensive russe.,,,C'est le début de l'offensive russe dans le secteur moyen.,,"C'est l'opération Bargation. Hitler <a href=""https://www.welt.de/geschichte/zweiter-weltkrieg/article130775233/Vier-Panzerdivisionen-retteten-die-Ostfront.html"">avait ordonné</a> de défendre la ville de Wilna à tout prix ou de sombrer avec elle.  ",,,,,,,,,,
1944-06-27,Retraite.,,,"Nous avons décampé et quitté Berissow pour une retraite (de plus de 600km), pour nous tenir sur les rives de la Vistule. Nous partons pour Minsk, Molodetschno, Wilna.",,,,,,Wilna,54.676276,25.273525,,,,
1944-07-06,En Pologne.,,,Nous sommes à Grdno.,,,,,,Grdno,53.669354,23.813131,,,,
1944-07-18,En Prusse Orientale.,,,Je suis à [Prvoken] en Prusse Orientale.,,Est de la Prusse =? enclave de Königsberg?,,,,Prusse Orientale,,,,,,
1944-07-31,Quelques jours de pause.,,,"A [Scherfelfsdorf] près de Ortelsburg, nous sommes stationnées pour quelques jours.",,,,,,Prusse Orientale,,,,,,
1944-08-01,Voyages en Prusse Orientale.,,,Je fais quelques voyages de services jusqu'à Königsberg et dans d'autres lieux de Prusse Orientale.,,,,,,Königsberg,54.710426,20.452214,,,,
1944-08-09,Encore en déplacement.,,,Nous sommes à [Possenhinn].,,,,,,Prusse Orientale,,,,,,
1944-08-19,Libération de Paris.,,,,"Les choses ont commencé à se compliquer pour les troupes allemandes avec la libération de Paris en août 44. Le Reich n'avançait plus, il chancellait.",,,,,,,,,,,
1944-09-03,Un peu de vie de Château.,,,"Nous arrivons à Raden en Pologne. Nous logons dans le domaine d'un château. Nous sommes transférés en Prusse Orientale. Pour économiser du carburant, nous chargeons trois camions diesel et au gaz de bois les uns derrière les autres et les transbahutons sur des trains. A cause de l'inclinaison des wagons, les conducteurs ont laissé les moteurs allumés pour aider au chargement.",,"Note : Hans précise les noms de deux gradés, apparemment de son unité, le Capitaine Hergeroeder et le Schirrmeister Kleinschmitt.",,,,Raden (Radynia),50.151475,17.670333,,,,
1944-09-22,Plusieurs régiments rassemblés.,,,"A Skierniewice, sont réunies plusieurs compagnies d'atelier, des <em> Werkstattkompanie </em> de l'AOK 4 - Groupe d'armée du Milieu. Les Russes sont sur les rives de la Vistule à l'est de Varsovie.",,"Neu aufgestellt am 15. September 1944 aus der Panzerjäger-Abteilung 570 für die 337. Volks-Grenadier-Division.

Ersatztruppenteil war die Panzerjäger-Ersatz-Abteilung 7, ab 1944 die Panzerjäger-Ersatz-Abteilung 2.


http://www.lexikon-der-wehrmacht.de/Gliederungen/Divisionseinheiten/IDEinheiten337-R.htm#Panzerjager-Abteilung 337",,,,Skierniewice,51.954717,20.15833,,,,
1944-10-12,Enfin une grande ville.,,,Nous sommes cantonnés pour quelques semaines à Varsovie.,,,,,,Varsovie,52.229676,21.012229,,,,
1944-10-26,Réparations sur le front.,,,"De retour à Skierniewice, les réparations reprennent.",,,,,,Skierniewice,51.954717,20.15833,,,,
1944-11-03,Allers-retours en Pologne,,,Je fais quelques voyages jusqu'à Varsovie.,,,,,,Skierniewice,51.954717,20.15833,,,,
1944-11-09,Réparations à Varsovie.,,,Je passe quelques jours à Varsovie. Nous nous occupons d'une voie de raccordement.,,,,,,Varsovie,52.229676,21.012229,,,,
1944-11-14,Réparations en masse.,,,"Nous avons remis en état une plateforme de rotation et quelques machines dans les ateliers et les fabriques de Varsovie, et les avons réorganisées. Ces derniers jours, nous avons travaillé en rotation de nuit pour notamment économiser du courant. Nous avons notre propre générateur qui tourne au gaz de bois.",,,,,,Varsovie,52.229676,21.012229,,,,
1944-12-03,Travailler non-stop.,pendant la nuit,,Je travaille encore une fois au clair de lune.,,,,,,Varsovie,52.229676,21.012229,,,,
1944-12-05,Encore une virée. ,,,Je dois effectuer un voyage de service direction Litzmannstadt (Lodz).,,,,,,Lodz,51.759249,19.455983,,,,
1944-12-16,L'Allemagne perd du terrain.,,,,Les Alliés mènent la danse. Ils mettront un premier pied sur le sol allemand en décembre.,,,,,"Ardennes, France, All.",,,,,,
1944-12-24,<em>Pas plus d'infos</em>,,,,,<em> date entrée dans les notes mais sans détail sur les activités de la journée </em>,,,,,,,,,,
1944-12-29,<em>Pas plus d'infos</em>,,,,,<em> date entrée dans les notes mais sans détail sur les activités de la journée </em>,,,,,,,,,,
1945-01-15,<em>Pas plus d'infos</em>,,,,,<em> date entrée dans les notes mais sans détail sur les activités de la journée </em>,,,,,,,,,,
1945-01-16,Battre en retraite,04h00,,Nous recevons l'ordre de battre en retraite à Skierniewice.,,,,,,Skierniewice,51.954717,20.15833,,,,
1945-01-25,,,,Je dois encore travailler sur ma prochaine retraite. Elle a commencé la nuit du 25 au 26 janvier 1945 près de Varsovie jusqu'à Berlin. ,,,,,,Varsovie,,,,,,
1945-01-26,Les Russes sont là.,,,"Les chars russes ont abattu deux camions. Nous reculons à travers Slibovitz, Kutno, Pisen.",,,,,,Slibovitz,,,,,,
1945-01-27,Un pause.,,,Nous restons quelques jours à Tirschtiegel.,,,,,,Tirschtiegel,52.363107,15.876146,,,,
1945-01-29,On est en Allemagne.,,,Nous continuons direction Sternberg.,,,,,,Sternberg,53.711688,11.823851,,,,
1945-02-01,Encore une retraite.,,,La retraite se poursuite en passant par Francfort sur l'Oder puis à travers le Fürstenwalde.,,,,,,Francfort sur l'Oder,52.347224,14.550567,,,,
1945-02-02,Aux portes de la capitale.,,,Nous arrivons au sud des limites de Berlin.,,,,,,Blossin,52.26224,13.811145,,,,
1945-02-02,,,,J'effectue de suite un voyage de service avec du gaz de bois depuis Berlin jusqu'à Friedrichshafen et retour à Berlin.,,,,,,Friedrichshafen,,,,,,
1945-02-09,A travers l'Allemagne.,,,"Nous sommes à Blossin. Je dois faire un voyage pour aller récupérer des pièces de rechange avec mon camion transformé pour carburer au gaz de bois. je pars avec Michel Maier, originaire de Obergünzburg, comme conducteur et un autre chargé de surveiller les airs et de remplir la charbonnière. Nous passons par Berlin, Halle, Bayreuth, Bamberg, Heilbronn, Pforzheim et Ulm.",,"Hans est au volant d'un camion <a href=""http://www.spiegel.de/spiegel/print/d-43732539.html""> Büssing </a>. ",,,,Blossin,52.26224,13.811145,,,,
1945-03-15,Un camarade de plus est tombé.,,,Mon ami Viktor Rueß geb.Jäg.Rgt.99 est tombé.,,,,,,,,,,,,
1945-03-18,Petit détour.,dimanche,,Nous faisons un crochet par Siggen (Michel Maier est resté à Obergünzburg).,,,,,,Siggen,47.230713,12.24722,,,,
1945-03-19,Les limites de camion.,,,"Lors de la course Eisenherz-Matzen, je peux franchir les bords de route. Le camion déboule sur les côtés de la route, les vérins et les bûches ont le dessus.",,,,,,Matzen,48.4012,16.69463,,,,
1945-03-20,Louise est avec moi.,,,"Louise fait un bout de route avec moi, nous passons par Obergünzburg, Ulm, Stuttgart, Heilbronn, Pforzheim, [Pfschingen], Backnang, Schwört, Gmünd.",,,,,,Gmünd,47.750581,11.738454,,,,
1945-03-24,Je dépose Louise.,,,"Je dépose Louise à Ulm. Ma route reprend direction Nuremberg, Bamberg, Bayreuth, Hof, Plauen, Leipzig, Wittenberg, et finalement la Gare du Schleswig à Berlin.",,,,,,"Berlin, Schleswiger Bahnhof",54.500075,9.537753,,,,
1945-03-26,Avec l'AOK4,en soirée,,"La compagnie lourde de réparation AOK 4 est chargée à la gare sur des wagons. Nous montons sur les derniers wagons de disponible. Le soir, le train démarre.",,NDT : <em>Schwere Werkstattkompanie</em>,,,,Blossin,52.26224,13.811145,,,,
1945-03-27,Déchargement en Tchéquie.,,,"Nous passons par Dresde, Prague et à Brümme sur un champ ouvert nous déchargons.",,,,,,Brümme,51.51996,7.10317,,,,
1945-04-14,Quelque part..,,,Nous sommes près de Znaim.,,,,,,Znaim,48.855911,16.054268,,,,
1945-04-25,Une voie sans issue.,,,Il était évident pour moi qu'il se dirigeait jusqu'à la mort dans le chemin qu'il a choisi.,,,,,,Berlin,,,,,,
1945-04-25,"Mussolini, c'est fini !",,,,"Au Sud, ils progressent aussi. Mussolini s'est enfuit avec l'aide de la SS. Il finira vite pendu à un croc de boucher.",,,,,"République de Salò, Italie",,,,,,
1945-04-25,Hitler se retranche.,Hans écrit à Louise,,"Il y a une semaine, le Führer a annoncé qu'il commandait personnellement la défense de la capitale du Reich.",,"<strong> Note : </strong> A partir de cette date, les informations proviennent ou des notes, ou alors du journal de guerre. En première page, Hans précise que : <em>""En cas de ma mort, le trouveur de ce livre est prié de l'expédier à ma chère fiancée. Fräulein Luise Haas Siggen ü. Isny Allgäu""</em>
",,,,Berlin,,,,,,
1945-04-29,Les Américains en Bavière.,,troupes américaines,,"Les Américains libèrent le camp de Dachau, le lendemain, ils seront à Munich. L'horreur est presque dépassée. A la radio, une station appelle les citoyens à hisser des drapeaux aux couleurs du Land. ","<a href=""https://www.merkur.de/bayern/kriegsende-bayern-1945-terror-schluss-4852553.html"">""La chaîne de la Bavière libre""</a> est une radio qui jouera un rôle important dans le processus de dénazification. 
Pour en savoir plus voir : <a href=""https://www.historisches-lexikon-bayerns.de/Lexikon/Freiheitsaktion_Bayern_(FAB)"">le dictionnaire historique de la Bavière</a> ou alors le résumé de la radio régionale <a href=""http://www.br.de/nachrichten/inhalt/freiheitsaktion-bayern-kriegsende-100.html""> BR </a>.",,,,Dachau,,,,,,
1945-04-30,Rumeurs.,,Hitler,Des nouvelles contradictoires et non confirmées annonçaient la chute du Führer.,,Hitler et sa compagne Eva Braun se suicideront effectivement dans l'après-midi du 30 avril. Ce genre d'information n'est pas parvenu jusqu'aux troupes engagées pour ne pas complètement les démoraliser.,,,,Reich (Berlin),,,,,,
1945-05-01,"France, Italie libérées... La Bavière aussi.",,,,"Les Alliés gagnent encore et toujours du terrain. Leurs troupes ont repris la France, l'Italie. Les Anglais vont au Nord, les Français atteignent le sud de la Bavière.","Les Français arrivent vite à <a href=""http://antifa.vvn-bda.de/2015/03/02/der-aufstand-in-oberstdorf/"">Oberstdorf</a>, le village de Hans.",,,,Reich (Berlin),,,,,,
1945-05-01,Bombardements sur le IIIe Reich.,,,,Ils bombardent nos villes. L'Allemagne s'effondre doucement.,"La Luftwaffe a certes massivement bombardé les villes d'Europe (environ 103'000 tonnes de munitions), ce n'est rien à côté des raids américains et anglais (1,3 million de tonnes).",,,,Reich (Berlin),,,,,,
1945-05-02,Les Russes à Berlin.,,,,Les Russes sont vite arrivés à Berlin. Que deviendront les troupes encore engagées?,,,,,Berlin,,,,,,
1945-05-02,La France est un souvenir.,"au matin, Hans écrit à Louise",,On en est loin de ces jours où les Françaises nous recevaient comme des princes.,,,,,,France,,,,,,
1945-05-02,„ Je ne suis plus à Berlin. ” ,"au matin, Hans écrit à Louise",,"Mes lettres ne te parviennent plus. Ces lignes - quand tu les tiendras dans tes mains - te raconteront les jours les plus durs pour l'Allemagne et doivent te rappeler que mes pensées ont toujours été tournées vers toi. Peut-être, as-tu appris que je n'ai pas été stationné dans le secteur de Berlin mais que je suis resté dans le Protectorat.",,,"Zsverkovice, dans une caserne",49.02553,15.863168,,,,,,,
1945-05-02,On nage dans le doute.,"au matin, Hans écrit à Louise",,C'est ce matin que nous est arrivée la confirmation administrative. Que doit-il arriver encore?,,<strong> Note : </strong> manquent trois lignes effacées à la fin de ce paragraphe.,"Zsverkovice, dans une caserne",49.02553,15.863168,,,,,,,
1945-05-02,Discussion géopolitique.,dans la matinée,Chef de section,"J'ai eu une discussion sur les développements possible avec mon chef de section : sans aucun doute, cela signifie que le Grand Amiral Dönitz essaiera d'obtenir un accord avec les Anglais et les Américains contre les Bolchéviques, ou au moins de faire en sorte qu'ils protègent l’Allemagne d’un combat contre l'Union Soviétique.","Les Alliés avancent rapidement depuis les plages normandes et du Sud de l'Italie. Tandis qu'à l'Est, les Russes vainqueurs à Stalingrad gagnent sans cesse leurs batailles jusqu'à arriver à Berlin ce 2 mai 1945. Ils y hissent leur drapeau sur le Reichstag.","Karl Dönitz (1891-1980) est l’amiral désigné par Hitler dans son testament comme son successeur à la tête du Reich. Nommé Grand Amiral, bien qu'il n'ait adhéré que tardivement au parti national-socialiste. Il sert comme commandant en chef des sous-marins (<em>Befehlshaber der Unterseeboote</em>) de la <em>Kriegsmarine</em> pendant la Guerre. Sous son commandement, la flotte des U-Boote participe à la bataille de l'Atlantique, en essayant notamment de priver l'Angleterre des approvisionnements indispensables. Il devient pendant vingt jours président du Reich dans le gouvernement de Flensbourg,  conformément au testament politique du Führer.","Zsverkovice, dans une caserne",49.02553,15.863168,,,,/assets/img/Russes_Berlin.jpg,,,
1945-05-02,Les échecs du Führer.,,Hitler,"Le Führer voulait déjà ce rapprochement avec l'Angleterre, tout comme la collaboration avec la France. Il a dédié sa vie entière à ce projet mais les Puissances occidentales n'en ont pas voulu en 1938.",,"1938 marque le point culminant des pressions transnationales pour unifier les populations allemandes et autrichiennes au sein d’une même nation. Hitler a effectivement tenté de calmer le jeu, mais les Européens n'ont pas vraiment accepté ses multiples annexions (Autriche, Sudètes). La Pologne sera le coup de trop.",,,,Pendant ce temps à Berlin,52.520007,13.404954,,,,
1945-05-02,Quel avenir pour l'Allemagne ?,Hans analyse la situation,,"On peut se demander si elles sont prêtes à l'accepter maintenant. La raison en est évidente. La classe dirigeante est là-bas composée à plus de 90% par des Juifs. Et [ils] veulent l'annihilation du peuple allemand. Je n'ai que peu d'espoir qu'ils viennent à la table de négociation nous traiter avec humanité. Et pourtant, le combat que nous menons actuellement, notre vie que nous sommes prêts à sacrifier, tout cela sera sans but, si ces espoirs ne deviennent pas réalité. Non, ce n'est pas inutile, ni nouveau. Plutôt tomber au sol avec fierté, que de commettre une trahison honteuse. Et notre Allemagne ne devrait pas se relever, malgré toutes les victimes que nous sommes encore prêts à apporter. C'est l'histoire que raconteront à la fin ceux qui n'ont pas perdu leur honneur.",,Note :,"Zsverkovice, dans une caserne",49.02553,15.863168,,,,,,,
1945-05-03,Les jours sont comptés.,,,,La fin approche. Les Alliés avancent encore et toujours.,,,,,Ailleurs en Europe,,,,,,
1945-05-04,Résister...,,,"Il nous faut continuer la lutte, enfin tant que la chose est encore possible. ",,,,,,Ailleurs en Europe,,,,,,
1945-05-05,... peut-être en vain.,,8e Armée,Deux armées résistent encore. Je ne crois bientôt plus que nous puissions encore influencer le sort.,,Situation de la 8e armée,,,,Reich,,,,,,
1945-05-06,Les nouvelles n'arrivent plus.,,,"La journée a été pleine de contradictions. Des rumeurs sauvages ont couru les unes après les autres. Je n'en citerai qu'une qui dit: ""Notre État-major est en discussion pour capituler face aux Russes"". Le journal de [la radio] “Prag am Abend” dément ces rumeurs.",,"""Prag am Abend"" est une station de radio faisant office de service de propagande","Zsverkovice, dans une caserne",49.02553,15.863168,,,,,,,
1945-05-06,La résistance s'installe.,,Résistance allemande,"Il nous apporte la confirmation que la résistance allemande est maintenant installée contre les troupes anglaises et américaines au Nord, au Sud et à l’Ouest. La résistance assure l'opposition contre les puissances occidentales; affronte les débarquements des Russes [sur l'île] de Seeland avec les troupes du Jutland ; lutte contre l'occupation de la Trieste italienne par Tito ; considère la question polonaise maintenant comme un ennemi appartenant à cette poudrière. Question qui en son temps n'était qu'une occasion de guerre pour l'Angleterre mais pas une raison pour la faire.",,"La ""résistance allemande"" que s'est-il passé? Mais évoquer aussi la vraie résistance contre le Nazisme...",,,,"Pendant ce temps en Europe: Seeland, Trieste, Italie, Pologne",,,,,,
1945-05-07,Se maintenir.,"au petit matin, Hans écrit",,"A l'image du roseau, je ne romps pas. Je me cramponne à l'espoir que cette opposition de l'autre Allemagne sera encore une fois une grande opportunité pour l’indépendance. Tous les survivants veulent - malgré leur fatigue - prendre encore une fois les armes et repousser ces hordes russes là d'où elles sont venues. Que signifie une paix qui n'en n'est pas une, mais qui n'est qu'une occasion supplémentaire à une nouvelle guerre?",,,"Zsverkovice, dans une caserne",49.02553,15.863168,,,,,,,
1945-05-07,Capitulation.,lundi,,"Le jour de la capitulation, nous sommes à Zverkovice (Frantizec Rada).",,"Les <em>Actes de capitulation</em> constituent le texte légal de la capitulation du Troisième Reich par lequel le Haut Commandement des forces armées allemandes s'est rendu de manière simultanée sans condition aux hauts commandements suprêmes des Alliés en Europe et de l'Union soviétique. La première <a href=""http://www.lepoint.fr/histoire/la-fausse-capitulation-du-8-mai-1945-08-05-2014-1820601_1615.php""> capitulation </a> a été signée à Reims le 7 mai 1945 à 2 h 41, la seconde à Berlin le 8 mai 1945 à 23 h 01.",,,,Frantizec Rada,50.502041,13.44856,,,,
1945-05-07,Départ de la Bohème.,dans la matinée,Garnison,"[Aujourd'hui] nous est parvenu l'ordre de départ. Les adieux ont été très difficiles. Dans aucun cantonnement jusque-là, nous n’avions été reçus aussi amicalement qu'à Frantizec Rada à Zsverkovice.",,,"Frantizec Rada, à Zsverkovice",,,,,,,,,
1945-05-07,„ encore une lettre peut-être... ” ,"plus tard dans la matinée, Hans écrit à Louise",,"Si je pouvais encore t'écrire une lettre, t'envoyer un pigeon juste pour te dire que je suis toujours en vie. Où es-tu, comment vas-tu, [que fais-tu? Des] centaines de fois par jour, j'ai le pressentiment que tu penses à moi avec la même force que moi. Ce n'est seulement qu’aujourd’hui que nous devions découvrir ce qui a incité notre retraite.",,"Bien que le télégraphe et la radio existaient depuis de nombreuses années, la Wehrmacht, comme d'autres armées, a décidé durant la guerre de se fier aux capacités des <a href=""https://www.welt.de/geschichte/zweiter-weltkrieg/article153350258/Wie-die-Brieftaube-G-I-Joe-die-US-Army-rettete.html"">pigeons</a> à retrouver leur nid.  ","Frantizec Rada, à Zsverkovice",,,,,,,,,
1945-05-07,Nous fuyons.,par une nuit noire,,"Sans la lumière des phares, le trajet commence jusqu'à Zlatings. C'était par dessus tout, une route affreuse, parce qu'en raison des manques de benzine, nous y avions ajouté de l'alcool à 80% et les véhicules ne tiraient donc vraiment pas bien.",,"Pendant la guerre, on ajoutait de l'éthanol à l'essence, denrée rare. Et il valait mieux diluer l'essence que d'en manquer. Mais l'éthanol est un moins bon <a href=""https://books.google.de/books?id=UjPTBgAAQBAJ&pg=PA36&lpg=PA36&dq=alcool+benzin+1945&source=bl&ots=WqdJGYMoKz&sig=JLWZh5LhQ5BRr2MKT8iwVyEvK7E&hl=fr&sa=X&ved=0ahUKEwifruzSmaXVAhWDuRQKHSKoBisQ6AEIJTAA#v=onepage&q=alcool%20benzin%201945&f=false"">carburant</a> que l'essence.",Zlatings,,,,,,,,,
1945-05-08,Désertion,Dans la nuit.,,Le Capitaine Hergeroeder a fichu le camp direction l'Allemagne de son propre chef.,,,Frantizec Rada,,,,,,,,,
1945-05-08,Capitulation officielle.,,,"Notre [Wehrmacht] a capitulé, la 8e Armée en dernier.",,"<strong> Note: </strong> : Hans certainement par fireté d'appartenir à la VIIIe Armée précise qu'elle s'est rendue en dernier. Les actes signés en France déjà la veille précisent en leur point 2 : ""Le Haut Commandement allemand transmettra immédiatement à toutes les autorités militaires navales et aériennes allemandes et à toutes les autorités militaires sous contrôle allemand, l'ordre de cesser de prendre part aux opérations actives à 23 heures 01 heure d'Europe centrale le 8 mai et de rester sur les positions qu'elles occuperont à ce moment. Aucun navire ni avion ne sera sabordé et aucun dégât ne sera fait à leur coque, à leurs machines ou à leur équipement.""",,,,Ailleurs en Europe,,,/assets/img/8mai_leliberte.jpg,,,
1945-05-08,Le camion aura tout donné.,après le lever du soleil,,"Ma conduite s'est stoppée inopportunément. Lors de l'ascension d'une montagne escarpée, le différentiel de mon camion lâche.",,,Montagne,,,,,,,,,
1945-05-08,Remorquage.,,,Un véhicule lourd nous a alors tirés jusqu'à Dobersberg.,,,Route,,,,,,,,,
1945-05-08,Une chance de dépannage.,,Section,"Par chance, le camion contenant les pièces de rechange était encore derrière moi. Il avait aussi chargé une tête de différentiel pour Renault. Après un long palabre avec mes 8 compagnons, je me décide à faire les réparations sans aide [supplémentaire] et sur place, alors que les autres voulaient attendre jusqu'à ce que nous soyons remorqués.",,,Dobersberg,48.915175,15.322001,,,,,,,
1945-05-08,Personne à la rescousse.,dans la matinée,Collègue,"Je n'ai su que ma décision était la bonne non seulement, quand aucun véhicule de secours de ma colonne n'est revenu nous chercher, mais aussi quand [mon collègue] envoyé chercher de l'huile pour remplir la transmission est revenu les mains vides. Nous obtenons cette précieuse huile auprès de la Waffen SS contre un ceinturon.",,,Dobersberg,48.915175,15.322001,,,,,,,
1945-05-08,Le soleil dans les yeux.,dans l'après-midi,,"Ébloui par le soleil, j'arrive avec mon convoi trop proche de la rambarde d'un virage sur la droite.",,,Route,,,,,,,,,
1945-05-08,Accident.,dans l'après-midi,,[Si bien] que le deuxième axe de la remorque rebondit trop fermement contre un pilier et les ressorts sortent de leurs supports.,,,Route,,,,,,,,,
1945-05-08,Désencombrer la route.,dans l'après-midi,Section,"Avec beaucoup de peine, nous tirons la remorque en dehors de la route pour que les autres véhicules puissent circuler. En quelques minutes, c'est une centaine de véhicules qui s'y accumule. Récupérer la remorque était inimaginable. J'ai laissé [mes collègues] ranger le couloir central du chariot d’équipement et fait descendre les hommes et le matériel. Nous continuons [notre route].",,,Route,,,,,,,,,
1945-05-08,Seuls.,au crépuscule,,"Lorsque nous atteignons, l'objectif de notre ordre de marche, aucun salopard de notre unité n'était présent. Aucune nouvelle, pas la moindre indication. Notre unité nous a abandonnés.",,,Ehrendorf,48.757640,14.965446,,,,,,,
1945-05-08,Une pause enfin.,en soirée,,"Très bien, on continuera par nous-mêmes. A Ehrendorf, je fais une pause aux environs de 22 heures pour y passer la nuit.",,,Ehrendorf,48.757640,14.965446,,,,,,,
1945-05-08,Les camarades ont peur.,pendant la nuit,,"C'est là que [les] quelques commères [du groupe] ont lancé le bruit que le secteur sera pris cette nuit par les Russes. Je me refuse à poursuivre, je leur réponds que je n'ai pas dormi une minute depuis 40 heures. En plus, la conduite par une nuit tamisée sur des routes de traverse est une charge nerveuse supplémentaire. Nous dormons [donc] jusqu'au lendemain matin sur une meule de foin.",,Le point 2 de l'Acte de capitulation explique justement que les troupes doivent cesser tout combat et donc se rendre et cesser le combat à 23h01. Les Alliés et les Russes se partagent les territoires des restes de l'Allemagne et donc le processus de reddition de la Wehrmacht selon leur stationnement.,,,,,,,,,,
1945-05-09,La route continue.,au matin,,"Pas un bruit et nous continuons jusqu'à Schrems. Déjà sur les bords des routes, s’accumulent des quantités de camions renversés, des longues armes et de la munition sont dispersées en chaos.",,,Direction Schrems,48.793449,15.066194,,,,/assets/img/Renault AHN_3_Unfall_1943.jpg,,,
1945-05-09,Jusqu'à la dernière goutte d'essence.,au matin,,"Dans chacune de ces carcasses, nous y cherchons de l'essence, nous avons de la chance et grâce à cette méthode radicale, nous remplissons notre réservoir.",,,Route chaotique,,,,,,,,,
1945-05-09,Chaos le long des routes.,dans la matinée,Sergent Mainz,"Un panneau détruit nous confirme que nous sommes sur la bonne voie ; quelques kilomètres après, le semi-remorque abandonné et pillé du sergent Mainz traîne. Dans un champ, [un peu plus loin,] c'est au tour de [la remorque qui contenait les archives]. Des documents et des [fiches] tourbillonnent dans toutes les directions.",,,Route chaotique,,,,,,,,,
1945-05-09,La débandade.,pendant l'après-midi,,"Sous une chaleur étouffante, je dois dépasser des colonnes de chevaux. Partout, ça claque, ça tire, il y a là un tank en morceaux ou un tracteur qui brûle. Le moteur surchauffe, le refroidisseur bout et du carburateur s'enchaînent les ratés d’allumage. C'est une véritable douleur d'atteindre la vitesse de marche dans les montées.",,,Route chaotique,,,,,,,,,
1945-05-09,Souvenir sur la route.,à la tombée de la nuit,,Nous passons devant la réserve où nous avions chargé les enveloppes de pistons.,,,Réserve,,,,,,,,,
1945-05-09,Le Russe gagne du terrain,,,"Maintenant, c'est le Russe qui a tous les pistons que j'étais allé chercher il y a quelques semaines en Bade-Würtemberg.",,"Logistique et navette, ravitaillement",Württemberg,,,,,,,,,
1945-05-10,Poursuivre la route.,en pleine nuit,,"Aux environs de minuit, nous atteignons un endroit qui semblait quasiment infranchissable: sur la gauche, un tube de canon de 20 centimètres de diamètre et à droite, un camion renversé qui empiète à moitié sur la route. Nous y empilons quelques stères de hêtre et c'est parti à fond la caisse.",,,Route avec carcasse de camion et de canon,,,,,,,,,
1945-05-10,Bientôt sous contrôle américain.,marche de nuit,,"Ce n'est qu'à 2 heures que nous atteignons la ligne de démarcation, et alors que nous voulions nous allonger dans notre bivouac, nous apprenons que dans quelques minutes la sortie de la [zone d'influence] russe vers l’américaine sera fermée.",,,Bivouac,,,,,,,,,
1945-05-10,"Freistadt, limite de l'influence US.",aux premières lueurs de l'aube,,Nous arrivons à Freistadt. Les rues étaient complètement encombrées de véhicules et de marchandises. Les Américains ne nous laissent pas poursuivre. Un unique soldat américain surveille la reddition des armes. De toutes les maisons pendaient des grands draps blancs.,,Sur le processus de reddition,"Freistadt, dans la rue principale",48.511167,14.501578,,,,,,,
1945-05-10,La honte de la défaite.,Hans dit,,Un spectacle désolant que je trouvais révoltant.,,Commenter,"Freistadt, dans la ville",48.508541,14.501878,,,,,,,
1945-05-10,Démobilisation.,dans la matinée,GI,"Devant l'hôtel de ville, se tenaient des milliers de soldats qui attendaient leur tampon pour leur démobilisation. Et en vérité, il n'en n'était pas question de démobilisation.",,,"Freistadt, devant la mairie",48.511290,14.504561,,,,,,,
1945-05-11,Désorganisation criminelle.,vendredi,,"Des personnes libérées de camps de concentration et des prisonniers de guerre errent, volent et pillent les convois. Parallèlement, les Américains se rendent compte quel jugement [hâtif] ils ont rendu avec la libération des détenus. Ces criminels ne pillent pas que des soldats désarmés, ils tirent aussi sur des Américains.",,"Un particulier s'est lancé dans la collection de carte. Il a crée le <a href=""http://www.landkartenarchiv.de/vollbild_tk75sudetenland.php?q=tk75sudetenland_4553""> Landkartenarchiv </a> d'où est tirée l'image ci-dessous.",dans les environs de Freistadt,,,,,,/assets/img/Map_Freistadt_1937.jpg,,,
1945-05-11,Fusillés !,,14 détenus,Ce sont 14 de ces [anciens] détenus qui sont fusillés pour avoir tabassé à mort mes camarades à coups de bêche.,,"Vrai, faux?",Freistadt,48.50217,14.50201,,,,,,,
1945-05-11,Plus d'essence bientôt.,,,Nous sommes bientôt à court d'essence. Je suggère alors que nous nous procurions des chevaux puisqu'il est permis aux troupes d'infanterie de quitter Freistadt.,,,dans les environs de Freistadt,,,,,,,,,
1945-05-11,En voiture ou à cheval ?,dans l'après-midi,"Gustl, Eugen","Gustl s'organise pour que nous ayons des chevaux, des bardots. [Il les a juste pris] avant que le propriétaire ne se rende compte ; et nous n'étions loin. Nous essayons plusieurs fois de quitter la zone de Freistadt avec notre bardot ou à pied.",,,dans les environs de Freistadt,,,,,,,,,
1945-05-11,Plutôt à pied.,dans l'après-midi,,Je me suis retrouvé avec un beau canasson mais je n'ai pas eu de chance: le propriétaire l'a retrouvé avec nous. ,,,,,,,,,,,,
1945-05-11,Nous devons y aller.,dans l'après-midi,,"Eugen est venu avec une [autre] solution, un mulet qui ne pouvait pas entrer en compte pour notre projet [de rallier l’Allemagne]. Nous avons alors chargé nos affaires personnelles sur le chariot de Marzels et avons continué à pied derrière lui.",,,,,,,,,,,,
1945-05-11,Des Yankees dans le coin.,,GI’s près de tanks,"Nous apprenons que les Yankees bloquent la route avec 3 tanks,",,,dans les environs de Freistadt,,,,,,,,,
1945-05-11,Echange d'information.,,GI’s près de tanks,"Nous montons alors discrètement sur une colline. C'est là que je les ai vu, ces trois Sherman se dressent [au milieu de la route]. Un de ces cow-boys débarque, énervé, et nous hurle : “<em>Go back! Go back!</em>” Je laisse mes camarades un cours instant et m'approche de l’Américain. L'entente est difficile. Cela veut dire qu'il comprend mon anglais, [mais moi pas le sien]. J'arrive à comprendre que des négociations étaient en cours, à savoir si [les troupes démobilisées] devaient se rendre aux Russes ou aux Américains. Nous faisons demi-tour et rentrons à notre camp. ",,Niveau d'anglais?,dans les environs de Freistadt,,,,,,,,,
1945-05-11,Retour à Freistadt.,,,"Pendant ce temps, nous nous sommes installés en zone urbaine. Nous avons alors rebroussé chemin sur 500 mètres et nous avons établi un camp de fortune. Je retourne [au centre-]ville et rapatrie le Renault que nous avions abandonné. Par chance, personne ne nous avait vidé le réservoir. Nous étions ainsi à nouveau motorisés et avions un abri couvert par la même occasion, même si nous ne savions pas quel serait le meilleur moyen pour continuer [et où nous devrions aller].",,,Camp de fortune,,,,,,,,,
1945-05-12,Troc.,dans la matinée,,"Contre une bouteille de schnaps, je troque 50 litres d’essence.",,,dans les environs de Freistadt,,,,,,,,,
1945-05-12,Réparations.,dans la matinée,,"C'est jour de réparations. Le magnéto d'allumage coince, la dynamo ne se charge plus, le starter ne fonctionne plus. Nous avons aussi trouvé un véhicule de notre compagnie, véhicule qui est maintenant stationné vers nous. Nous sommes à nouveau des hommes forts.",,,Camp de fortune,,,,,,/assets/Dessins_Hans/Reparation.JPG,,,
1945-05-13,Essais pour rentrer.,dans l'après-midi,,"L'homme est l'animal que sait faire souffrir le bardot. Nous nous comprenons très bien après des randonnées, sauf que mes fesses font tellement mal sans selle ni couverture. Un dernière tentative et les GI nous ont encore crié : ""Go back"".",,,dans les environs de Freistadt,,,,,,,,,
1945-05-14,Retour sous contrôle soviétique.,au matin,,L’Américain nous a [finalement] livrés aux Russes qui nous ont récupéré comme prisonniers.,,Explication militaire?,Freistadt,48.50217,14.50201,,,,,,,
1945-05-14,En piste.,au matin,Soldats russes,"Le jour de mes 25 ans, je suis dans une file interminable de [camions et de] véhicules, qui attendaient le jour de leur liberté et se retrouvent plutôt prisonniers des Russes. C'est vers 7 heures du matin que tout démarre à Freistadt.",,,Freistadt,48.50217,14.50201,,,,,,,
1945-05-14,"Ah, les communistes !",Hans écrit à Louise,,"Combien de fois ai-je vu ce spectacle, où ils prennent un véhicule après l’autre. Instinctivement, je me demande comment nous avons pu être vaincus par ce peuple qui visiblement nous est inférieur. Je crois que je tiens déjà la réponse en [te] racontant ce que j'ai vu. Un caractère impitoyable, de la brutalité et des enfantillages. Si le communisme est une idée pacifiste, ses partisans sont des guerriers. Rien ne sert de le nier.",,Commentaire,"Route vers Gratzen, avant Schagges bei Weitra",,,,,,,,,
1945-05-14,A cran desserré.,,Russe,"Malgré le cessez-le-feu, je n'ai pas vu un [seul] Russe qui n'avait sur lui son pistolet ou son arme chargée et cran de sûreté desserré.",,Explication militaire?,"Route vers Gratzen, avant Schagges bei Weitra",,,,,,,,,
1945-05-14,Les Russes sont...,Hans écrit,,"Je remarque encore une fois que les Russes conduisent systématiquement [leurs véhicules chargés de soldats] et que les chevaux suivent au trot.Tout au contraire de nos ordonnances et règlements militaires qui disent qu'en plus du chauffeur, seul un autre homme peut s'asseoir dans un véhicule, même s'il est vide. Avec quels moyens, le Russe obtient-il ses fournitures? De la maîtrise? C'est triste mais vrai, ce que j'écris ici: [ils survivent] avec nos véhicules, avec nos chevaux. J'ai à peine pu voir un véhicule russe.",,Explication militaire?,Route vers Gratzen,,,,,,,,,
1945-05-14,Direction Gratzen.,dans la matinée,,"L'objectif de notre colonne était fixé à Gratzen dans le district de Budweis, enfin c'est ce que l'on nous dit. Nous serons alors libérés dans le camp. mais nous allons continuer plus à l'Est. Comme nous n'avons plus de carburant, nous faisons halte et stationnons à Weitra. En chemin, nous sommes continuellement arrêtés par des Russes et fouillés dans l'espoir de trouver des objets de valeur.",,Explication militaire?,"Gratzen (objectif), Weitra",48.700897,14.897384,,,,,,,
1945-05-14,Les troupes féminines.,,Troupe féminine,"Les Amazones, dans leurs jupes bleu foncé, ne faisaient aucune exception. Cette joie enfantine qu'ils ont à tirer et l'utilisation des armes à feu comme moyen de pression font des Russes des [véritables] tyrans. Ce que la population locale et les femmes ont du endurer ici, n'est pas admissible.",,"Il y avait bien des <a href=""https://www.world-at-war.co.uk/?p=32&""> femmes </a> dans l'Armée rouge. Les Russes semblent avoir mobilisé un très grand nombre d'entre elles pour participer à l'effort de guerre. ","Route vers Gratzen, avant Schagges bei Weitra",,,,,,/assets/img/Soviet_women_1945.jpg,,,
1945-05-15,Plus de camion.,dans l'après-midi,2 Russes,Deux Russes me prennent notre camion et la charbonnerie.,,"Dans ses notes, Hans donne le grade de <em> Schirrmeister </em> (fourrier) à celui qui prend les commandes de ""son"" camion et de son contenu. ",Route vers Gratzen,,,,,,,,,
1945-05-15,Doutes sur notre libération.,,7 hommes de la Section,Sept hommes de ma garnison continuent leur route à pied avec l'incertitude côté russe d’être libérés dans notre patrie.,,Prisonniers allemands en Russie,Route vers Gratzen,,,,,,,,,
1945-05-15,La décision.,,"Gustl, Christian, Sepp","Avec trois camarades (Gustl, Christian et Sepp), nous nous décidons lors de ces journées à chercher un chemin vers la liberté, [à nous évader].",,"Dans ses notes, Hans précise un peu mieux l'identité de ses compagnons: Gustl Hofmann, un Autrichien (Christian) et un ne faisant pas partie de leur unité et d'origine du nord de l'Allemagne (Sepp).",Schagges bei Weitra,48.700897,14.897384,,,,,,,
1945-05-15,Préparatifs.,,"Gustl, Christian, Sepp","J’échange mon paquetage contre du pain et des oeufs à Schagges bei Weitra. Je ""trouve"" aussi là-bas deux [sacs de toile] avec des chaussures et du tissu, sacs que je veux renvoyer plus tard, dès que j'en ai la possibilité.",,,Schagges bei Weitra,48.700897,14.897384,,,,,,,
1945-05-15,Première nuit en fuite.,dès la fin d'après-midi,"Gustl, Christian, Sepp",Nous emballons nos affaires et marchons cap sur l'Ouest dans les forêts jusque vers minuit. Nous dormons jusqu'aux premières lueurs du jour sur des rondins.,,,Environs de Schagges bei Weitra,48.730673,14.872303,,,,,,,
1945-05-16,Enfin de l'autre côté de la route.,dans l'après-midi,,Ce n'est que [cet] après-midi que nous pouvons quitter notre cachette à côté de la route. Cette attente semblait interminable.,,,Environs de Schagges bei Weitra,48.730673,14.872303,,,,,,,
1945-05-16,Presque pris.,,Soldats russes (police militaire),"Combien de fois avons-nous été presque découverts? Cela nous a presque rendu fous, quand à nouveau une patrouille de la police militaire tire une salve dans les buissons et que des balles ricochent au-dessus de nous. Heureusement, elle reprend la route et nous pouvons continuer vigoureusement.",,,,,,,,,,,,
1945-05-16,Rencontre surréaliste.,dans l'après-midi,Renard roux,"Lors d'une pause de notre échappée, nous observons un renard roux qui n'était certainement pas réveillé puisqu’il s'approche de nous directement et nous arrive droit dans les [jambes]. La nuit, nous marchons en chaussettes. Pas un bruit à l’horizon.",,,,,,,,,,,,
1945-05-16,"Vite, dans les bas-côtés !",,Russes,"Soudain, trois hommes arrivent. D'un mot, nous quittons la route et devenons aussi rigides que des arbres dans la forêt.",,,,,,,,,,,,
1945-05-16,La prudence est de mise.,,Christian,"Le bon Christian, s’il prenait soin de sa sécurité, nous a presque fait prendre parce qu'il a fait un pas de plus que nécessaire.",,,,,,,,,,,,
1945-05-16,Repos bien mérité.,pendant l'après-midi,,"A nouveau, nous dormons jusqu'au crépuscule dans une forêt.",,,Forêt,,,,,,,,,
1945-05-16,Circulation soviétique.,au lever du soleil,Colonnes russes,"Nous atteignons une route que nous ne pouvons pas traverser, car des colonnes [soviétiques] y circulent continuellement.",,,Environs de Schagges bei Weitra,48.730673,14.872303,,,,,,,
1945-05-17,Localisation.,,Paysan,Un paysan nous apprend que nous nous trouvons au nord de Beneschau.,,,Nord de Beneschau,48.780224,14.610938,,,,,,,
1945-05-17,Etablissement du bivouac.,,,"Sous un monticule, nous offrant une vue dégagée, nous installons notre petit camp.",,,Monticule,,,,,,,,,
1945-05-17,Encerclés.,,,"Ce n'est que là que nous avons réalisé que nous étions presque faits comme des rats. Nous nous trouvions en fait au milieu d'un plaine encerclée de deux camps de Russes. Pour nous en sortir, nous ne voulons pas faire un détour de plusieurs heures.",,,camp,,,,,,,,,
1945-05-17,En route.,en début de soirée,Russes,"Vers 18 heures, nous nous avançons donc vers un petit pont dans la forêt. Nous avons du attendre une heure sous la pluie, jusqu'à ce que nous puissions traverser un bout de champ sur lequel les Russes avaient déposé du fourrage. Nous étions alors au milieu des deux camps.",,,"Pont, forêt",48.634364,14.382444,,,,,,,
1945-05-17,Pas un pas !,dans la soirée,Chevaux,Nous sommes restés immobiles une heure de plus jusqu'à ce qu'un orage se pointe.,,,Champ,,,,,,,,,
1945-05-17,Chevaux sur la prairie.,,Chevaux,Les chevaux sur la prairie ont vite cherché un abri parmi les quelques arbres. Va-t-on arriver à viser la route et atteindre le bois (où nous pourrons nous cacher) sans être démasqués?,,,Champ,,,,,,,,,
1945-05-17,Imitations.,,Gustl,"Départ! Nous ""jouons aux chevaux"", à chaque fois 2 hommes en font un. Nous traversons la prairie tranquillement. C'est alors qu'un éclair illumine la nuit. A 20 mètres à notre gauche, une sentinelle patrouille. Nous nous laissons tomber par terre. Quand Gustl lève doucement la tête pour surveiller les alentours, la sentinelle avait poursuivi son chemin. Debout! Au pas de course, nous finissons notre traversée, atteignons la route et atterrissons dans les buissons.",,La petite troupe essaie de se transformer en chevaux. Enfin que leur silouhette puisse de loin ressembler à ces animaux.,"Champ, Route, Buissons",,,,,,,,,
1945-05-17,Tirs et fusées.,,,"C'est là que les premières fusées illuminent les hauteurs, des bruits sauvages et des martèlements [transpercent] le ciel comme si une belle guerre était encore en cours. Nous ne sommes pas encore complètement en sécurité, un petit ruisseau barre le chemin. Le hasard nous conduit au barrage du moulin. En un instant, nous sommes de l'autre côté.",,"Dans ses notes, Hans situe son passage au nord de Beneschau et précise qu'ils traversont est la Malše.",Barrage vers la Malše. ,,,,,,,,,
1945-05-17,La route continue.,,,"Le chemin nous mène ensuite dans un bois de hêtres. Des énormes morceaux de vieille roche, parfois de la mousse dans la tourbière, c'est le terrain que nous devons traverser des heures durant. Ensuite vient le tour d'un terrain plat qui est majoritairement marécageux, ce qui fait que nous sommes humides et mouillés dessus et dessous. La lune nous indique la direction. A son zénith, elle pointe presque exactement à l’Ouest.",,,Forêt,,,,,,,,,
1945-05-17,Sommes-nous libres?,dans la soirée,,Nous nous pensions déjà en secteur américain.,,Géographiquement,,,,,,,,,,
1945-05-17,"Aïe, encore des Russes.",,Soldats et sentinelle russe,"Soudain nous entendons, au loin, le célèbre juron russe ""jupp bonir mat” (fait chier). Heureusement, ce n'est pas nous qui étions visés, mais les chevaux paissant sur le champ. Nous nous planquons discrètement jusqu'au jour suivant.",,"""<em>Jop tvaju mat</em>"" [Еб твою мать] qui veut dire littéralement ""nique ta mère"", qui n'est pas nécessairement adressé à quelqu'un, mais peut s'appliquer pour décrire une situation merdique, un peu comme en français d'ailleurs (nique sa mère, fait chier, putain). C'est ce qui se rapproche le plus du “<em>Jupp bonir mat</em>” tel que rédigé dans le texte original.",,,,,,,,,,
1945-05-18,Repos bien mérité.,pendant la journée,,"A l'orée d'un bois, juste à côté d'une colonie de muguets, nous nous reposons en journée.",,,"Forêt, muguets",,,,,,,,,
1945-05-18,Une sentinelle presque sur nous.,,Sentinelle,"Une fois, une sentinelle russe s'est approchée à 10 mètres de nous. Elle nous a presque fait avoir une crise cardiaque.",,,Forêt,,,,,,,,,
1945-05-18,Cap vers l'Ouest.,,,"Avec une stupéfiante assurance, Gustl maintient le cap vers l'ouest. Nous contournons les villages, le long des creux, à travers les tourbières.",,,,,,,,,,,,
1945-05-18,De l'eau jusqu'aux genoux.,,,"En passant vers un poste de garde, nous avons dû ramper sur 20 mètres, ensuite continué avec de l'eau jusqu'aux genoux dans un ruisseau.",,,"Poste de garde, ruisseau",,,,,,,,,
1945-05-18,Encore plus d'eau.,pendant la nuit,,"On doit encore traverser un cours d'eau plus profond, la Moldau. Les pantalons ôtés et la chemise en l'air et nous traversons au clair de lune.",,,Moldau,48.631248,14.367509,,,,,,,
1945-05-18,On continue de nuit.,à la tombée de la nuit,,"Sous un ciel couvert, notre route se poursuit direction nos foyers.",,,Tourbière,,,,,,,,,
1945-05-19,La route Linz-Budweis.,,,"Nous pouvons reconnaître au loin la route asphaltée Linz-Budweis, mais nous n'y étions pas encore. Nous fouillons la cabane des vigiles. Les tirs de pistolets ne peuvent pas nous atteindre. Nous atteignons enfin la route. Route sur laquelle nous circulions encore fièrement il y a quelques jours avec notre camion Renault.",,"La Wehrmacht utilisait bien des camions français, <a href=""http://www.kfzderwehrmacht.de/Hauptseite_deutsch/Kraftfahrzeuge/Frankreich/Renault/renault.html>des Renault</a>.","Voie, Linz Budweis",,,,,,,,,
1945-05-19,Géolocaliser les Russes.,,Sentinelles russes,Les sentinelles nous signalent à chaque fois la route que nous ne pouvons pas prendre puisqu'elles tirent sans cesse des coups de semonce.,,,,,,,,,,,,
1945-05-19,Tout est rasé.,en soirée,,"Quand la lune est apparue à l'ouest, nous cherchions encore ce beau camp.",,Camp n'est plus là.,Camp de fortune,,,,,,,,,
1945-05-20,Voie de chemin de fer.,dans l'après-midi,,Nous avons traversé la voie de chemin de fer qui relie Linz à Budweis. Le soleil pense correctement et nous gratifie pour la journée d'hier.,,,"Voie, Linz Budweis",,,,,,,,,
1945-05-20,Planqués.,Hans s'adresse à Louise,,"Si tu pouvais me voir, planqué dans les buissons avec mes trois camarades sous une bâche de tente, tu pleurerais. Nous attendons encore une fois que la nuit tombe.",,,Camp de fortune,,,,,,,,,
1945-05-23,A l'Ouest du nouveau.,,Paysan,Nous sommes maintenant en territoire américain. Nous avons dormi pour la première fois chez un paysan à Petersburg bei Haslach (Rohrbach). Le paysan nous dit que nous pouvons traverser le Danube sans encombre à Feldkirchen/Brandstatt avec un ferry.,,,Petersburg bei Haslach (Rohrbach),48.572426,13.989241,,,,,,,
1945-05-23,Un de moins dans l'équipe.,,Sepp,"A Petersburg, Sepp quitte notre feuille de trèfle, parce qu'il atteindra plus facilement le Rheinland depuis cet endroit.",,"Feuille de trèfle, porte-bonheur. Selon une tradition chrétienne chaque feuille du trèfle représente uen vertu. La première feuille est pour l'espérance, la seconde est pour la foi et la troisième est pour la charité ; la quatrième feuille serait donc pour la chance. ",Petersburg bei Haslach (Rohrbach),48.572426,13.989241,,,,,,,
1945-05-23,Descente de la vallée du Danube.,,"Gustl, Christian","Nous descendons la vallée du Danube à travers Sankt Johann, Herzogsdorf, le sommet du Gaisberg. Nous ne sommes plus que trois.",,,"Sankt Johann, Herzogsdorf, Gaisberg",48.487950,14.130451,,,,,,,
1945-05-23,La Bavière approche.,dans l'après-midi,,"Au loin, les Alpes semblent nous dire bonjour. Nous pouvons presque saisir les montagnes du Wetterstein, le Zugspitze. Les clochers des églises avec leur coupole en forme d'oignon, des petites chapelles le long des routes, tout cela sent bon la patrie.",,,Environs de Herzogsdorf,48.430709,14.117201,,,,,,,
1945-05-23,Distractions ?,,Filles,Et quelque jeunes filles souriantes nous invitent à nous reposer. Mais nous voulons tout d'abord arriver chez nous où on nous attend avec soucis.,,,Environs du Danube,48.383003,14.040715,,,,,,,
1945-05-23,Traversée.,,,"En fin d'après-midi, nous traversons le Danube avec le ferry.",,,Danube,48.362506,14.025373,,,,,,,
1945-05-23,Les gens fuient.,,Réfugiés,"Sur les rives d’Aschach, des barges, des ancres, du matériel, des pionniers, tout cela ainsi que ce que seul le diable sait, traîne par centaines. Des milliers d'Hongrois avec leurs dames, Français, Russes, Italiens, Américains, sont là dans un désordre multicolore.",,"Géographie, anedcotes",Rives d’Aschach,48.384561,14.020942,,,,,,,
1945-05-23,Repos chez un paysan.,en soirée,"Paysan, Gustl",Nous logeons à nouveau chez un paysan en dehors de la localité.,,,Aschach,48.386314,13.986867,,,,,,,
1945-05-23,Plus que deux.,,Christian,"Christian, l'Autrichien du groupe, a bifurqué au niveau d’Aschach en direction de Salzbourg. Il continuera seul. ",,,Aschach,48.335893,14.019445,,,,,,,
1945-05-24,Poursuivre la route.,,Gustl,"Nous avons marché aujourd'hui à travers les villages de Haibach, Sankt Agatha et Neukirchen jusqu'à Kopfing.",,,"Haibach, Sankt Agatha, Neukirchen, Kopfing",48.44025,13.657949,,,,,,,
1945-05-24,Mal aux pieds.,,Gustl,"Maintenant, ce sont nos pieds qui ne veulent plus en avant.",,,,,,,,,,,,
1945-05-24,Un petit coin de paradis.,en soirée,,"Dans une petite maisonnée, nous avons trouvé un accueil comme nulle part nous n'avons eu sur toute notre épopée. C'est un endroit tellement sympathique et propre, du lierre sur les murs, des bondieuseries sur l'ensemble du plafond de la salle. Les images aux murs, dans des cadres très simples sont exposées avec beaucoup de goût.",,,Maison de paysans,,,,,,,,,
1945-05-25,Projet compliqué.,,,Nous voulons atteindre Schärding sur l'Inn. Ce ne sera pas simple.,,,"Environs de Schräding, et avant l’Inn",48.46051,13.43268,,,,,,,
1945-05-25,Sans solution.,,,"Le pont sur l'Inn à Schärding était fermé. L'Inn est la frontière entre la Bavière et l'Autriche. Nous longeons l'Inn pour trouver un bateau ou une solution. Nos pieds ne veulent à nouveau plus en avant, nous faisons une pause assis le long de la rive.",,,"Inn, rive",48.463766,13.430256,,,,,,,
1945-05-25,Une piste.,,Femme,"A St. Marienkirchen près de Schräding, peu après, nous avons remarqué une coquille de noix, un ersatz de bateau, dans les rapides. Une femme nous indique le chemin à suivre pour atteindre cette aire de repos cachée.",,,St. Marienkirchen près de Schräding,48.389312,13.452075,,,,,,,
1945-05-25,Un fleuve de traversé !,,,Nous traversons l'Inn de façon illégale. C'était vraiment génial.,,,,,,,,,,,,
1945-05-25,Les Alliés sont partout.,,,"Au moment où nous atteignons la voie ferrée Passau-Pfarrkirchen, le train était déjà passé. Nous traversons les voies. L'occupation américaine se fait de plus en plus forte.",,,"Voie, Passau Pfarrkirchen",,,,,,,,,
1945-05-25,Encerclés.,en soirée,GI’s,"A Ruhstorf, nous étions encerclés dans une chaîne de vigiles. Nous ne pouvions pas quitter cet endroit le soir venu.",,,Ruhstorf an der Rott,48.428923,13.328843,,,,,,,
1945-05-26,Plus personne.,au petit matin,GI’s,"A 5 heures, plus aucune vigile aux alentours, comme cela semble être l'usage chez les ""Ricains"", au soir rien dans la gueule et au matin aucune raison de sortir.",,,Environs de Anzenkirchen,48.430278,13.020584,,,,,,,
1945-05-26,Au cirque.,samedi,,"A Anzenkirchen, la faim nous guide au Cirque Heppenheimer qui y a installé ses quartiers d'hiver. Nous sommes invités. ",,Source,Cirque,,,,,,,,,
1945-05-27,Repas.,dans la journée,Gustl,Nous nous dînons dans une des roulottes du cirque jusqu'à midi et c'était vraiment bienvenu.,,,Cirque,,,,,,,,,
1945-05-28,Un bain à la scierie.,,"Paysanne, Gustl","Dans le scierie de Pfarrkirchen, la chance était encore de notre côté aujourd'hui. Nous avions même de l'eau chaude pour enfin prendre un bain, la paysanne ne se s'est pas montrée avare.",,,"Pfarrkirchen, scierie",48.432751,12.985699,,,,,,,
1945-05-29,Direction le camp,mardi,Gustl,"A cause de furoncles aux fesses, Gustl ne pouvait plus en avant, toute mon ossature faisait mal tellement nous avions marché longtemps. Nous nous rendons volontairement au camp de prisonniers de Pfarrkirchen qui doit tout prochainement être démantelé par les Américains. Le camp se trouve sur la piste équestre près du champ de courses.",,"Dans ses notes, Hans donne quelques détails supplémentaires sur sa condition. 

http://www.trabrennbahn-pfarrkirchen.de/index.html

Parmi les documents se trouvent la fiche d'enregistrement de Johannes Mayer dans ce camp.",Pfarrkirchen,48.432484,12.937969,,,,,,,
1945-05-29,A l'entrée.,,"Garde, Russes","Notre traitement à l'entrée était honteux. Lorsque nous montrons nos affaires à la vigie, une horde de mufles russes surgit sans que le garde en question ne nous prévienne. Ils fouillent avec leurs doigts sales dans tous nos pantalons et sacs et nous pillent purement et simplement. J'ai eu de la chance de pouvoir attraper ce journal, mon livret de solde et de service et quelques photos. Pain, clopes, briquets, dictionnaire, linge, crayons, petits objets, toile de tente, tout cela était maintenant loin. Mon appareil photo est devenu la propriété même de la sentinelle.",,"<a href=""http://www.pnp.de/themen/2015/kriegsende/1676110_Als-die-Amerikaner-einmarschierten.html""> La presse locale </a> se souvient dans ce témoignage du camp installé dans le village.",Camp,48.42787,12.93216,,,,,,,
1945-05-29,Le sort des vaincus.,,"SS, Commandant","En même temps, j'ai vécu encore un spectacle pas très joli. Un SS est amené. Le commandant du camp,un Américain, certainement faisant partie du peuple élu, prend le SS aux oreilles. Là, il le saisit à la gorge et lui demande: ""Combien de temps peux-tu supporter ça, espèce de porc?""",,commentaire,Camp,48.42787,12.93216,,,,,,,
1945-05-29,Dépouillé.,,,"Ensuite, et en moins de 5 secondes, la horde avait bondi sur les affaires du malheureux et plus rien n'en n'est resté.",,commentaire,Camp,48.42787,12.93216,,,,,,,
1945-05-29,Examen.,,Soldats allemands,"Nous avons dû ensuite nous déshabiller, ils nous ont examinés attentivement pour voir si nous n’avions pas la marque des volontaires ou nous ne portions pas des cicatrices suspectes sur le corps. Après ça, nous n’avons plus eu à faire avec les Américains, parce que la direction du camp est passée en main de soldats allemands.",,Note,Camp,48.42787,12.93216,,,,,,,
1945-05-30,Confort.,,,"Dans un baraquement, nous nous sommes installés confortablement, avons installé des planches sur le sol pour pas que nous ayons à nous allonger à même le sol.",,,Baraquement,48.42787,12.93216,,,,,,,
1945-05-30,Repas en suffisance.,,,"La restauration est suffisante, tout particulièrement les packs américains qui nous plaisent beaucoup. Chaque jour, nous avons un breakfast, de la soupe ou un dinner, tous ces repas et tout ce qui s’y rapporte nous est servi dans des cartons.",,,Baraquement,48.42787,12.93216,,,,,,,
1945-05-30,Orage.,,,"Un orage tempétueux s’est abattu, suivi d’une véritable averse persistante à la bavaroise. La majorité des cabanes se sont retrouvées remplies d’eau.",,,Camp,48.42787,12.93216,,,,,,,
1945-05-30,Au sec.,,,"La nôtre est restée en partie sèche. Nous étions complètement trempés, mais bien entretenus, nous étions toujours de bonne humeur, surtout que c'est maintenant confirmé que le camp sera démantelé au 1er juin.",,,,48.42787,12.93216,,,,,,,
1945-05-31,„ Je suis seul. ”,jeudi,Gustl,"Gustl Hofmann est parti avec le train, libre.",,Note : Certificat d'emprisonnement disponible.,Pfarrkirchen,48.428935,12.938004,,,,,,,
1945-06-01,Trop reposé ?,Hans s'adresse à Louise,,"Ma chère Louise, le Seigneur nous a bien ramolli lors de ces derniers jours au camp.",,,Camp,48.42787,12.93216,,,,,,,
1945-06-01,Le camp ferme.,,GI’s,"J'étais parmi les derniers groupes à pouvoir quitter le camp. Les Américains, partageurs, ont mis un camion à disposition pour nous conduire à Ulm.",,,Pfarrkirchen,48.42787,12.93216,,,,,,,
1945-06-01,Direction Augsbourg.,,GI’s,[Le camion] nous a déposé moi et un gaillard d’Hindelang à la sortie d'autoroute à Augsbourg. Nous nous reposons dans une zone de service détruite pour la nuit.,,,Augsbourg vers Ulm (direction),48.409049,10.919827,,,,,,,
1945-06-02,Mering.,samedi,,J'ai atteint Mering aujourd'hui en partie à pied et en partie motorisé pour donner des nouvelles de camarades de ma compagnie à leurs proches.,,,Mering,48.282374,10.971076,,,,,,,
1945-06-02,Sous domination française.,,,"Selon ce que j'entends, ce sont les Français qui devront [nettoyer] l’Allgäu. Je pourrais donc arriver à la maison sans avoir à franchir la frontière verte une fois de plus.",,"Secteur français, faits",Mering,48.274640,10.978232,,,,,,,
1945-06-02,Bientôt là.,"Hans se réjouit, il est impatient",,"Quoi qu'il en soit, mère et Riebele devront bientôt pouvoir me voir, même si je devais mettre mon cou encore une fois dans un noeud coulant. Ce sera déjà pas mal!",,"Riebele est la soeur cadette, Fransiska. ",Mering,48.274640,10.978232,,,,,,,
1945-06-02,Amertumes à suivre.,Hans s'adresse à Louise,,"Maintenant tu dois aussi découvrir le dernier chapitre de mon retour au pays, comment j'ai dû traverser subrepticement la zone occupée par les Français et quelles amertumes me sont arrivées à mon entrée en Haute-Allgäu et aussi ici:",,,Mering,48.274640,10.978232,,,,,,,
1945-06-02,Chez les proches de Karl.,,Soeur de Karl Weck,"En fait, il n'était pas dans mon intention de prolonger autant mon séjour à Mering, mais on ne m'a pas laissé partir si vite. La soeur de mon camarade emprisonné Karl Weck m'a refilé des habits civils de son frère. ",,,Mering,,,,,,,,,
1945-06-02,Chez les proches de Karl.,,Soeur de Karl Weck,J'apprends à la famille de Karl qu'il est resté prisonnier des Russes.,,"Dans ses notes, Hans ajoute ces informations. ",Mering,,,,,,,,,
1945-06-02,Chez Mme Mossmang.,,Mme Mossmang,"A vélo, nous nous rendons chez Madame Mossmang, la femme d'un autre compagnon.",,"**** Mossmang. Dans l'une des visites qu'il fait, il doit aller annoncer à la famille que leur fils/père/frère est décédé. ",Mering,,,,,,,,,
1945-06-03,Landsberg.,,,Je me rends à Landsberg. Pas un véhicule n'a pu me pousser sur un bout de chemin.,,,Direction Landsberg,48.150692,10.882054,,,,,,,
1945-06-03,Chez les Reitmeier.,dans la soirée,Mère de Reitmeier,"A 22 heures, après le couvre-feu, j'arrive enfin à Landsberg, je demande à trouver le poissonnier, et atteint sa maison sans difficultés. J'ai été reçu chaleureusement par la mère de Reitmeier. Je peux y passer la nuit.",,**** Reittmeier,Landsberg,48.051586,10.874974,,,,,,,
1945-06-04,André passe me rendre visite.,,"André Mann, Lorris Reitmeier","Le matin, c'est André, le frère d’Ernas Mann qui rend visite chez Lorris Reitemeier.",,Ernas Mann,Landsberg,48.051586,10.874974,,,,,,,
1945-06-04,Une nuit de plus.,,,Je passe une nuit de plus à Landsberg et plus rien ne m'y retient plus longtemps.,,,Landsberg,48.051586,10.874974,,,,,,,
1945-06-05,Direction Buchloe.,au matin,1er Livreur de gaz de bois,"Le mardi, après une petite trotte, un livreur de gaz de bois me conduit jusqu'à Buchloe ",,,Buchloe,48.028295,10.733051,,,,,,,
1945-06-05,A pied.,,,et après avoir marché à nouveau 10 kilomètres,,,"à 10 km de Buchloe, direction Kempten",47.941645,10.667776,,,,,,,
1945-06-05,Kempten ou presque.,,2e Livreur de gaz de bois,Un autre me pousse jusque dans les environs de Kempten.,,,Environs de Kempten,,,,,,,,,
1945-06-05,Les rumeurs dans la ville.,,Habitants,"Quand je demande en ville à rejoindre Oberstdorf, tous me disent: “Aucune chance de monter jusqu’à Oberstdorf, les Français vous reprendraient!”. Les habitants me racontent les nouveaux outrages commis par la Grande Nation, de sorte que j'en vienne à me dire : “ça suffit!”. Plus rien ne doit m'empêcher de rentrer.",,Exactions françaises en Bavière,Kempten,47.72857,10.315783,,,,,,,
1945-06-05,Je vois presque mon village.,Hans se réjouit,,"Le soir, aux environs de 18 heures, je traverse les plaines de Sulzberg. Au loin, les montagnes d’Oberstdorf me disent bonjour.",,,Sulzberg,47.674781,10.353396,,,,,,,
1945-06-05,Des barrières.,,,"Seigneur! Il n'y a nulle par ailleurs dans le monde autant de clôtures et de barrières qu'en Allgäu, moi? Je dois à chaque fois les traverser. D'abord, je dois longer l’Iller et ensuite escalader une grande montagne.",,,Iller,47.608285,10.291556,,,,,,,
1945-06-05,Repos sur un banc.,,Chevreuil,"Seul un chevreuil bêle, sinon tout était véritablement silencieux aux alentours. Au loin parvenaient les sons des cloches des églises. Je m'allonge sur un banc pour dormir jusqu'au crépuscule.",,,Banc,,,,,,,,,
1945-06-06,Croisé un animal.,,Blaireau,"Un blaireau allait d'un pas pesant sur le chemin, passant devant moi, pour boîter tranquillement dans les buissons, après s'être assuré de ne pas être suivi.",,,Chemin,,,,,,,,,
1945-06-06,Presque un peu trop confiant.,,,"A Rettenberg, un vigile m'interpelle, mais comme il y avait plusieurs clôtures entre lui et moi, je ne prends pas la chose au sérieux et m’éloigne.",,,Rettenberg,47.578240,10.297907,,,,,,,
1945-06-06,Les bruits de mauvais traitements.,,,"A Reichen hinter Kranzegg, au pied du Grünten, je me restaure chez un paysan pour le petit-déjeuner. J'entends encore une fois les mêmes nouvelles qu’à Kempten : harcèlement, répression, honte et vol faits par les Français.",,,Reichen,,,,,,,,,
1945-06-06,Je continue.,,,"Je continue direction Burgberg, Agathazell, traverser le pont sur l’Iller",,,"Burgberg, Agathazell",47.536630,10.285548,,,,,,,
1945-06-06,Traversée.,,,"Au troisième coup, je le traverse sans me faire remarquer.",,,Schwarzbach,,,,,,,,,
1945-06-06,Je continue.,,,"Je continue à pieds nus à travers le Schwarzbach, longe l’Iller toujours en restant caché.",,,,,,,,,,,,
1945-06-06,Fraternisation.,,,"Là, j'ai vu quelque chose qui me fit rager presque pleurer de honte. Une fille allemande avec un Noir.",,Commentaire,Sigishofen,47.504529,10.26665,,,,,,,
1945-06-07,Les derniers sentiers.,,,"Sigishofen, Bettenried, Balsterlang, Sonderdorf, Maiselstein que je dois contourner. C'est le dernier lieu, avant d'entrer dans le long chemin du bassin d’Oberstdorf. D'un chemin de chasseurs à une montagne de chasseurs.",,,"Bettenried, Balsterlang, Sonderdorf",47.507233,10.241793,,,,,,,
1945-06-07,Oups.,,,"C'est là que j'aperçois Oberstdorf, voir mon village, ma patrie, me fait faire un accident, auquel je ne veux assimiler aucune symbolique. J'ai fait dans mes pantalons! J'ai heureusement suffisamment de papier journal dans mon sac à dos, de sorte que je peux vite nettoyer tout cela.",,,Maiselstein,47.450154,10.241028,,,,,,,
1945-06-07,Derniers pas.,pendant la nuit,,Je traverse Wasach.,,,Wasach,47.423927,10.256041,,,,,,,
1945-06-08,Arrivée.,,,"Je suis à pieds nus sur la Landstrasse, passe devant la poste jusqu'au pont de chemin de fer et au-delà. Je passe devant le Klingenkessel, l’Ösch",,,Oberstdorf,47.409858,10.279745,,,,,,,
1945-06-08,A la maison.,minuit a sonné,Sa mère,"Je me tiens peu après minuit dans la cour. Je m'étonne de n'y voir aucun Français, ni même à l’intérieur. Je jette une petite pierre à la fenêtre de maman.",,,Maison,,,,,,,,,
1945-06-08,Maman !,,,"Maman peut à peine le croire, elle ne réalise pas que c'est moi. Elle descend les escaliers en courant et me sert dans ses bras.",,,,,,,,,,,,
1945-06-08,Protection de la patrie.,,,"Je ne veux pas conclure sans jeter un regard sur les comportements actuels et un oeil sur le futur. Pour le moment, c'est la force de “protection de la patrie” qui est en mains françaises qui travaille, on devrait plutôt l'appeler “trahison de la patrie”. L'esprit de clocher, la mesquinerie et la cupidité et autres jolis noms se défoulent contre nos propres compatriotes.",,,"Oberstdorf, maison",,,,,,/assets/img/Oberstdorf1945-1.jpg,,,
1945-06-08,Plus d'Opel.,,Wehrmacht,La Wehrmacht avait repris l'Opel Olympia peu avant l'effondrement.,,effectifs sources...,Auto Mayer,,,,,,/assets/img/Opel_Olympia.jpg,,,
1945-06-08,Home sweet home.,"Hans retrouve sa chambre, son lit, sa maison. Ses pensées se dirigent vers Louise. Il écrit",,"Mon unique Louise! Je suis à nouveau à la maison! J'y suis caché. Ma petite biche, l'histoire de mon retour touche à sa fin.",,,Sa chambre,,,,,,,,,
1945-06-08,Le comportement des vaincus.,,,"Au lieu de porter la défaite dans une communauté fermée de gens avec dignité, ces gens se rabaissent devant l'ennemi. Chaque jour des nouveaux ne peuvent pas plier la bosse assez loin, donc ils ont même réussi à partager avec les Noirs, le viol des femmes. Diable, vous avez perdu votre honneur, gens d’Oberstdorf! Je ne dois pas être vu ici, pour ne pas être vendu pas mes compatriotes aux Français",,Rumeurs faits?,"Oberstdorf, maison",,,,,,,,,
1945-06-08,Violence.,,,"La loi sur la protection des femmes est abrogée, parce que les Noirs ne jugent plus nécessaire d'infliger de la violence aux femmes, il y en a tellement qui se défenestrent",,Source,"Oberstdorf, maison",,,,,,,,,
1945-06-08,Deux maisons d'Allemands.,sous l'Occupation Française,,Il n'y a que deux maisons qui n'ont pas hissé de draps blancs au débarquement des Français sur le territoire d’Oberstdorf et qui ne l'ont pas hissé ensuite. C'était chez Auto-Mayer et chez Tauscher à Jauchen.,,,"Auto Mayer, Tauscher",,,,,,,,,
1945-06-08,"„ Oui, on le sait. ”",sous l'Occupation Française,,"Vite apparaissent les premiers ennemis qui saccagent la maison et disent: “On le sait déjà, des patriotes”. “Oui, nous sommes allemands”, c'était la réponse de ma mère. Beaucoup à Oberstdorf ne saluaient plus ma mère.",,,,,,,,,,,,
1945-06-08,Le sort des vaincus.,"pendant la journée, et pendant les suivantes",,"Tout au long de la journée, des patrouilles fouillent et inspectent notre maison.",,,"Oberstdorf, maison",,,,,,,,,
1945-06-08,Vivre avec les Français.,,,Lentement commence à se faire jour leur façon d'être servile aux Français et ce que signifie leur posture dans telle ou telle position.,,,"Oberstdorf, maison",,,,,,,,,
1945-06-08,Penser au lendemain.,,,"La dignité et la force forcent l'ennemi au respect, c'était à peu près le cas chez nous. Parmi ces comportements, il n'était même pas question de penser à commencer à reconstruire.",,,,,,,,,,,,
1945-06-08,Réquisition ?,sous l'Occupation Française,Français,Les Français voulaient encore nous confisquer les deux autres véhicules.,,"<a href=""http://www.huimat.de/oberstdorf-mai-1945.html""> Un historien </a>d'Oberstdorf a compilé quelques photos inédites des troupes françaises dans le village.",Auto Mayer,,,,,,,,,
1945-06-08,... ils resteront là.,sous l'Occupation Française,,"Heureusement qu'ils n'étaient pas en état de circuler, si bien qu'ils sont restés chez nous.",,,Auto Mayer,,,,,,,,,
1945-06-09,Mes projets.,,,"Mon idée est de transformer le camion lourd en atelier de gaz de bois, parce qu’une station essence n'est pas imaginable, même si la région sera occupée par les Américains. Cela signifie repartir à zéro: je ne vois pas tout en noir.",,technique gaz de bois?,Auto Mayer,,,,,,,,,
1945-06-09,On survivra.,Hans s'adresse à Louise qui lira ces lignes,,"Et pour ma petite biche, je suis prêt à travailler. Notre vie doit avoir un sens et contenu, amour et confiance doivent être notre devise. Louise, nous serons heureux ensemble, les choses ne peuvent pas être différentes.",,,Oberstdorf,,,,,,,,,
1945-06-10,Toi et moi.,,Louise,"Ainsi donc se réalise ce que je t'avais écrit dans un poème avant notre séparation :  
Je reviens vers toi,  
Louise, je serai toujours près de toi  
Une longue vie pleine d'amour et de couchers de soleil  
Pour toujours, ton Hans.  ",,Note,Oberstdorf,,,,,,,,,